chair,idCC,idC,reviewer,idR,idCE,idP
Morgan J C ,cc0,c0,Herder J L ,r0,ce0,p0
Morgan J C ,cc0,c0,Zhou G ,r1,ce0,p0
Morgan J C ,cc0,c0,Karra S ,r194,ce14,p97
Morgan J C ,cc0,c0,Sawyer K B ,r195,ce14,p97
Morgan J C ,cc0,c0,Billings B ,r196,ce15,p98
Morgan J C ,cc0,c0,Kress J D ,r197,ce15,p98
Morgan J C ,cc0,c0,Sun W ,r216,ce18,p108
Morgan J C ,cc0,c0,Guthrie S ,r217,ce18,p108
Warr R ,cc1,c1,Stuedlein A ,r2,ce1,p1
Warr R ,cc1,c1,Citterio M ,r3,ce1,p1
Fanning D T ,cc10,c10,Jung J M ,r186,ce13,p93
Fanning D T ,cc10,c10,Sadler A L ,r187,ce13,p93
Fanning D T ,cc10,c10,Pietrosimone B ,r208,ce17,p104
Fanning D T ,cc10,c10,Daly E ,r209,ce17,p104
Ding S ,cc100,c100,Willis J ,r1120,ce209,p560
Ding S ,cc100,c100,Bowlan P ,r1121,ce209,p560
Ding S ,cc100,c100,Yang Y ,r1582,ce328,p791
Ding S ,cc100,c100,Suvorov A ,r1583,ce328,p791
Holt E A ,cc101,c101,Smiley A J ,r1128,ce213,p564
Holt E A ,cc101,c101,Kamminga J W ,r1129,ce213,p564
Holt E A ,cc101,c101,Hardman M A ,r1130,ce214,p565
Holt E A ,cc101,c101,Prinz G S ,r1131,ce214,p565
Holt E A ,cc101,c101,Chen H ,r1132,ce215,p566
Holt E A ,cc101,c101,Viswanathan H ,r1133,ce215,p566
Holt E A ,cc101,c101,Coffman R A ,r1292,ce278,p646
Holt E A ,cc101,c101,Black R A ,r1293,ce278,p646
Yang Z ,cc102,c102,Wagstaff K B ,r1138,ce217,p569
Yang Z ,cc102,c102,Petrie A ,r1139,ce217,p569
Jones T ,cc103,c103,Brown J ,r1140,ce218,p570
Jones T ,cc103,c103,Taus M ,r1141,ce218,p570
Chrisey L A ,cc104,c104,Jacobsen A J ,r1158,ce224,p579
Chrisey L A ,cc104,c104,Glorieux C ,r1159,ce224,p579
Christensen C ,cc105,c105,Bentley N L ,r1188,ce237,p594
Christensen C ,cc105,c105,Zhang D ,r1189,ce237,p594
Kamminga J W ,cc106,c106,Jiang Z ,r1202,ce241,p601
Kamminga J W ,cc106,c106,Purohit H ,r1203,ce241,p601
Kamminga J W ,cc106,c106,Defigueiredo B P ,r1204,ce242,p602
Kamminga J W ,cc106,c106,Le Gall A ,r1205,ce242,p602
Kamminga J W ,cc106,c106,Renouard J ,r1288,ce276,p644
Kamminga J W ,cc106,c106,Howell C ,r1289,ce276,p644
Heath Ogden T ,cc107,c107,Siebert J ,r1208,ce243,p604
Heath Ogden T ,cc107,c107,Mehl M J ,r1209,ce243,p604
Badger J C ,cc108,c108,Sanchez D G ,r1228,ce252,p614
Badger J C ,cc108,c108,Jain P ,r1229,ce252,p614
Micah Downing J ,cc109,c109,Budd R ,r1232,ce254,p616
Micah Downing J ,cc109,c109,Liu R ,r1233,ce254,p616
Camacho R M ,cc11,c11,Liu Z Y -C ,r200,ce16,p100
Camacho R M ,cc11,c11,Sahawneh L R ,r201,ce16,p100
Taylor E ,cc110,c110,Pettingill D ,r1242,ce257,p621
Taylor E ,cc110,c110,Perry S B ,r1243,ce257,p621
Fonseca F S ,cc111,c111,Westover T R ,r1246,ce259,p623
Fonseca F S ,cc111,c111,Samelson R ,r1247,ce259,p623
Fonseca F S ,cc111,c111,Berselli G ,r1248,ce260,p624
Fonseca F S ,cc111,c111,Wikle J K ,r1249,ce260,p624
Fonseca F S ,cc111,c111,Avila A ,r1250,ce261,p625
Fonseca F S ,cc111,c111,Hendricks L J ,r1251,ce261,p625
Fonseca F S ,cc111,c111,Mayoral J M ,r1252,ce262,p626
Fonseca F S ,cc111,c111,Hamilton M ,r1253,ce262,p626
Leslie Youd T ,cc112,c112,Drennon A M ,r1258,ce264,p629
Leslie Youd T ,cc112,c112,Hsu C -W ,r1259,ce264,p629
Leslie Youd T ,cc112,c112,Ragozzine D ,r1294,ce279,p647
Leslie Youd T ,cc112,c112,Berg D C ,r1295,ce279,p647
Goodrich M A ,cc113,c113,Hueros R A R ,r1262,ce266,p631
Goodrich M A ,cc113,c113,Xu B ,r1263,ce266,p631
Cowley A ,cc114,c114,Michael Bove V ,r1268,ce269,p634
Cowley A ,cc114,c114,Pankow M ,r1269,ce269,p634
Davis R C ,cc115,c115,Franke K ,r1270,ce270,p635
Davis R C ,cc115,c115,Hershman R ,r1271,ce270,p635
Collins N S ,cc116,c116,Call M S ,r1296,ce280,p648
Collins N S ,cc116,c116,Sanchez D ,r1297,ce280,p648
Collins N S ,cc116,c116,Ranasinghe D R ,r1304,ce282,p652
Collins N S ,cc116,c116,Fullwood D ,r1305,ce282,p652
Collins N S ,cc116,c116,Suvorov A ,r1306,ce283,p653
Collins N S ,cc116,c116,Pixton D ,r1307,ce283,p653
Fish D ,cc117,c117,Wu J ,r1300,ce281,p650
Fish D ,cc117,c117,Shi Y ,r1301,ce281,p650
Ruoti C ,cc118,c118,Willits B L ,r1310,ce285,p655
Ruoti C ,cc118,c118,Grames C ,r1311,ce285,p655
Ruoti C ,cc118,c118,Stevens K ,r1316,ce286,p658
Ruoti C ,cc118,c118,Ende J J ,r1317,ce286,p658
Sun D ,cc119,c119,Chen H ,r1322,ce288,p661
Sun D ,cc119,c119,Pallares J ,r1323,ce288,p661
Parate K ,cc12,c12,De Berker H ,r252,ce19,p126
Parate K ,cc12,c12,Huang J -S ,r253,ce19,p126
Parate K ,cc12,c12,Saleh A M ,r254,ce20,p127
Parate K ,cc12,c12,Price C ,r255,ce20,p127
Parate K ,cc12,c12,Young A ,r582,ce73,p291
Parate K ,cc12,c12,Mehmood R ,r583,ce73,p291
Vilela J P ,cc120,c120,Pipes R B ,r1324,ce289,p662
Vilela J P ,cc120,c120,Zhirnov V V ,r1325,ce289,p662
Vilela J P ,cc120,c120,Li X ,r1328,ce290,p664
Vilela J P ,cc120,c120,Shen W ,r1329,ce290,p664
Vasquez D ,cc121,c121,Benson D ,r1356,ce291,p678
Vasquez D ,cc121,c121,Farr T ,r1357,ce291,p678
Pisano D J ,cc122,c122,Zhou Z ,r1358,ce292,p679
Pisano D J ,cc122,c122,Bulloch R ,r1359,ce292,p679
Hu R ,cc123,c123,Franke K ,r1362,ce293,p681
Hu R ,cc123,c123,Troyanskaya M ,r1363,ce293,p681
Hu R ,cc123,c123,Bolme D ,r1364,ce294,p682
Hu R ,cc123,c123,Young A ,r1365,ce294,p682
Wilson J P ,cc124,c124,Ingersoll K ,r1366,ce295,p683
Wilson J P ,cc124,c124,Larsen B ,r1367,ce295,p683
Aarsnes U J ,cc125,c125,Sharker S I ,r1414,ce299,p707
Aarsnes U J ,cc125,c125,Leto A ,r1415,ce299,p707
Rowberry H C ,cc126,c126,Kelly J D ,r1432,ce300,p716
Rowberry H C ,cc126,c126,Bucki R ,r1433,ce300,p716
Prawitt D G ,cc127,c127,Findlater L ,r1434,ce301,p717
Prawitt D G ,cc127,c127,Clark B ,r1435,ce301,p717
Prawitt D G ,cc127,c127,Bates C O ,r1436,ce302,p718
Prawitt D G ,cc127,c127,Yu H ,r1437,ce302,p718
Prawitt D G ,cc127,c127,Reese C S ,r1438,ce303,p719
Prawitt D G ,cc127,c127,Claussen S ,r1439,ce303,p719
Jensen B ,cc128,c128,Palmer J ,r1442,ce305,p721
Jensen B ,cc128,c128,Roberts A K ,r1443,ce305,p721
Jensen B ,cc128,c128,Larsen B ,r1444,ce306,p722
Jensen B ,cc128,c128,Gee K L ,r1445,ce306,p722
Francucci G ,cc129,c129,Chetty V ,r1448,ce307,p724
Francucci G ,cc129,c129,Leake K D ,r1449,ce307,p724
Francucci G ,cc129,c129,Sampad M J N ,r1454,ce308,p727
Francucci G ,cc129,c129,Black R A ,r1455,ce308,p727
Francucci G ,cc129,c129,Stark C G ,r1456,ce309,p728
Francucci G ,cc129,c129,Laughlin E ,r1457,ce309,p728
Pehrson N A ,cc13,c13,Liu R ,r662,ce107,p331
Pehrson N A ,cc13,c13,Parate K ,r663,ce107,p331
Pehrson N A ,cc13,c13,Salva K T ,r664,ce108,p332
Pehrson N A ,cc13,c13,Baker N F ,r665,ce108,p332
Pehrson N A ,cc13,c13,Perry S B ,r728,ce127,p364
Pehrson N A ,cc13,c13,Chahal J S ,r729,ce127,p364
Pehrson N A ,cc13,c13,McDonald-Mcginn D ,r730,ce128,p365
Pehrson N A ,cc13,c13,Bates C O ,r731,ce128,p365
Pehrson N A ,cc13,c13,Mojica J L ,r258,ce21,p129
Pehrson N A ,cc13,c13,Lu W ,r259,ce21,p129
Pehrson N A ,cc13,c13,Thomas M ,r1180,ce233,p590
Pehrson N A ,cc13,c13,Zhang J ,r1181,ce233,p590
Pehrson N A ,cc13,c13,Kinnison W ,r1182,ce234,p591
Pehrson N A ,cc13,c13,Jiang Y ,r1183,ce234,p591
Pehrson N A ,cc13,c13,Hardersen P S ,r1184,ce235,p592
Pehrson N A ,cc13,c13,Fletcher M E ,r1185,ce235,p592
Pehrson N A ,cc13,c13,Renouard J ,r1244,ce258,p622
Pehrson N A ,cc13,c13,Christensen J B ,r1245,ce258,p622
Pehrson N A ,cc13,c13,Park J L ,r1282,ce273,p641
Pehrson N A ,cc13,c13,Ames D P ,r1283,ce273,p641
Pehrson N A ,cc13,c13,Liotier P -J ,r1284,ce274,p642
Pehrson N A ,cc13,c13,Barrett B J ,r1285,ce274,p642
Pehrson N A ,cc13,c13,Camacho R M ,r1286,ce275,p643
Pehrson N A ,cc13,c13,Ellingson J ,r1287,ce275,p643
Pehrson N A ,cc13,c13,Camplani A ,r1320,ce287,p660
Pehrson N A ,cc13,c13,Biwer C M ,r1321,ce287,p660
Pehrson N A ,cc13,c13,Hull T ,r1652,ce356,p826
Pehrson N A ,cc13,c13,Fronk Z ,r1653,ce356,p826
Pehrson N A ,cc13,c13,Hansen K R ,r1756,ce394,p878
Pehrson N A ,cc13,c13,Leake K D ,r1757,ce394,p878
Dahlin E C ,cc130,c130,Metro D ,r1494,ce320,p747
Dahlin E C ,cc130,c130,Taylor B A ,r1495,ce320,p747
Hodge D ,cc131,c131,Black K M ,r1572,ce323,p786
Hodge D ,cc131,c131,Vernon C A ,r1573,ce323,p786
Hodge D ,cc131,c131,Tolman K A ,r1574,ce324,p787
Hodge D ,cc131,c131,Fleming P ,r1575,ce324,p787
Zoltowski C B ,cc132,c132,Lim H ,r1576,ce325,p788
Zoltowski C B ,cc132,c132,Simmons M ,r1577,ce325,p788
Zoltowski C B ,cc132,c132,Hamada M S ,r1656,ce357,p828
Zoltowski C B ,cc132,c132,Smith S P ,r1657,ce357,p828
Ames D P ,cc133,c133,Afran M S ,r1584,ce329,p792
Ames D P ,cc133,c133,Balijepalli S K ,r1585,ce329,p792
Chen H ,cc134,c134,Stofan E ,r1586,ce330,p793
Chen H ,cc134,c134,Lignell D O ,r1587,ce330,p793
Martineau A ,cc135,c135,Sayre A ,r1588,ce331,p794
Martineau A ,cc135,c135,Johnson H ,r1589,ce331,p794
Gautam A ,cc136,c136,Jesiek B ,r1590,ce332,p795
Gautam A ,cc136,c136,Imran M ,r1591,ce332,p795
Gautam A ,cc136,c136,Parsekian G A ,r1592,ce333,p796
Gautam A ,cc136,c136,Grames C ,r1593,ce333,p796
Gautam A ,cc136,c136,Veletsianos G ,r1594,ce334,p797
Gautam A ,cc136,c136,Ziegenfuss D H ,r1595,ce334,p797
Gautam A ,cc136,c136,Morales C ,r1596,ce335,p798
Gautam A ,cc136,c136,Halverson D M ,r1597,ce335,p798
Takeuchi I ,cc137,c137,Peterson S ,r1602,ce337,p801
Takeuchi I ,cc137,c137,Rai A ,r1603,ce337,p801
Takeuchi I ,cc137,c137,Allen T D ,r1604,ce338,p802
Takeuchi I ,cc137,c137,Hotchkiss R H ,r1605,ce338,p802
Takeuchi I ,cc137,c137,Summa D A ,r1606,ce339,p803
Takeuchi I ,cc137,c137,Aslani P ,r1607,ce339,p803
Takeuchi I ,cc137,c137,Holt E A ,r1608,ce340,p804
Takeuchi I ,cc137,c137,Ynchausti C ,r1609,ce340,p804
Takeuchi I ,cc137,c137,Park J ,r1618,ce344,p809
Takeuchi I ,cc137,c137,Salvatierra G ,r1619,ce344,p809
Takeuchi I ,cc137,c137,Merrill R M ,r1692,ce370,p846
Takeuchi I ,cc137,c137,Vance A ,r1693,ce370,p846
Takeuchi I ,cc137,c137,Lemonnier D ,r1742,ce391,p871
Takeuchi I ,cc137,c137,Peters K ,r1743,ce391,p871
Austin D E ,cc138,c138,Snow D ,r1612,ce341,p806
Austin D E ,cc138,c138,Millard J D ,r1613,ce341,p806
Youn C C ,cc139,c139,Sommerfeldt S D ,r1620,ce345,p810
Youn C C ,cc139,c139,Wheeler D O ,r1621,ce345,p810
Youn C C ,cc139,c139,Simon T J ,r1622,ce346,p811
Youn C C ,cc139,c139,Ulrich T J ,r1623,ce346,p811
Youn C C ,cc139,c139,Crampton E ,r1624,ce347,p812
Youn C C ,cc139,c139,Franca F ,r1625,ce347,p812
Youn C C ,cc139,c139,Upchurch W ,r1626,ce348,p813
Youn C C ,cc139,c139,Milam S N ,r1627,ce348,p813
Youn C C ,cc139,c139,Jones M ,r1628,ce349,p814
Youn C C ,cc139,c139,Hollenbeck M ,r1629,ce349,p814
Youn C C ,cc139,c139,Skousen D J ,r1698,ce373,p849
Youn C C ,cc139,c139,Wilson P S ,r1699,ce373,p849
Youn C C ,cc139,c139,Camacho R ,r1700,ce374,p850
Youn C C ,cc139,c139,Zhao W ,r1701,ce374,p850
Youn C C ,cc139,c139,Brivadis E ,r1702,ce375,p851
Youn C C ,cc139,c139,Reynolds J ,r1703,ce375,p851
Yellowhorse A D ,cc14,c14,Downing J M ,r698,ce121,p349
Yellowhorse A D ,cc14,c14,Lyng G ,r699,ce121,p349
Yellowhorse A D ,cc14,c14,Granelli F ,r788,ce143,p394
Yellowhorse A D ,cc14,c14,Wan J ,r789,ce143,p394
Yellowhorse A D ,cc14,c14,Huang J -S ,r262,ce22,p131
Yellowhorse A D ,cc14,c14,Zhang F ,r263,ce22,p131
Yellowhorse A D ,cc14,c14,Shoemaker G ,r1212,ce244,p606
Yellowhorse A D ,cc14,c14,Gubaev K ,r1213,ce244,p606
Yellowhorse A D ,cc14,c14,Cope M ,r1218,ce247,p609
Yellowhorse A D ,cc14,c14,Weaver J M ,r1219,ce247,p609
Yellowhorse A D ,cc14,c14,Calderon J R ,r1220,ce248,p610
Yellowhorse A D ,cc14,c14,Correia N ,r1221,ce248,p610
Yellowhorse A D ,cc14,c14,Wright L ,r1222,ce249,p611
Yellowhorse A D ,cc14,c14,Olsen M ,r1223,ce249,p611
Yellowhorse A D ,cc14,c14,Montgomery J ,r1224,ce250,p612
Yellowhorse A D ,cc14,c14,Yu M ,r1225,ce250,p612
Yellowhorse A D ,cc14,c14,Mazrouei S ,r1226,ce251,p613
Yellowhorse A D ,cc14,c14,Tippmann J D ,r1227,ce251,p613
Yellowhorse A D ,cc14,c14,Carlson S ,r1264,ce267,p632
Yellowhorse A D ,cc14,c14,Arnold B T ,r1265,ce267,p632
Yellowhorse A D ,cc14,c14,Cheney T ,r1266,ce268,p633
Yellowhorse A D ,cc14,c14,Miao D ,r1267,ce268,p633
Yellowhorse A D ,cc14,c14,Kamps O ,r1308,ce284,p654
Yellowhorse A D ,cc14,c14,Fulda N ,r1309,ce284,p654
Yellowhorse A D ,cc14,c14,Mavrogordato M N ,r1676,ce365,p838
Yellowhorse A D ,cc14,c14,Warr R ,r1677,ce365,p838
Yellowhorse A D ,cc14,c14,Mardkhe M K ,r1686,ce369,p843
Yellowhorse A D ,cc14,c14,Michael Bove V ,r1687,ce369,p843
Yellowhorse A D ,cc14,c14,Kurniawan C ,r1738,ce390,p869
Yellowhorse A D ,cc14,c14,Hewson J C ,r1739,ce390,p869
Yellowhorse A D ,cc14,c14,Jamal A -S ,r1758,ce395,p879
Yellowhorse A D ,cc14,c14,Killian M ,r1759,ce395,p879
Hoybjerg T G ,cc140,c140,Holler B J ,r1640,ce355,p820
Hoybjerg T G ,cc140,c140,Day N ,r1641,ce355,p820
Lee E T ,cc141,c141,Wood A E ,r1660,ce358,p830
Lee E T ,cc141,c141,High G ,r1661,ce358,p830
Buck D C ,cc142,c142,Hull T ,r1662,ce359,p831
Buck D C ,cc142,c142,Turley R S ,r1663,ce359,p831
Buck D C ,cc142,c142,Asimaki D ,r1664,ce360,p832
Buck D C ,cc142,c142,Dodson B ,r1665,ce360,p832
Vosughi A ,cc143,c143,Lusk P C ,r1670,ce363,p835
Vosughi A ,cc143,c143,Johnson J ,r1671,ce363,p835
Amoroso S ,cc144,c144,Iverson B D ,r1672,ce364,p836
Amoroso S ,cc144,c144,Ridge S T ,r1673,ce364,p836
Sayre A ,cc145,c145,Young A ,r1718,ce381,p859
Sayre A ,cc145,c145,Poon T C ,r1719,ce381,p859
Popescu V ,cc146,c146,Black R A ,r1722,ce382,p861
Popescu V ,cc146,c146,Tippmann J D ,r1723,ce382,p861
Popescu V ,cc146,c146,Ziegmann G ,r1724,ce383,p862
Popescu V ,cc146,c146,Maxfield J H ,r1725,ce383,p862
Popescu V ,cc146,c146,Butler B W ,r1726,ce384,p863
Popescu V ,cc146,c146,Jüttler B ,r1727,ce384,p863
Popescu V ,cc146,c146,Shayegan J ,r1728,ce385,p864
Popescu V ,cc146,c146,Reese K ,r1729,ce385,p864
Popescu V ,cc146,c146,Searle H ,r1730,ce386,p865
Popescu V ,cc146,c146,Bhamra T ,r1731,ce386,p865
Price J L ,cc147,c147,Kinzer-Ursem T L ,r1732,ce387,p866
Price J L ,cc147,c147,Kabachi M A ,r1733,ce387,p866
Prugue C ,cc148,c148,Akagi J ,r1734,ce388,p867
Prugue C ,cc148,c148,Hua Z ,r1735,ce388,p867
Rose M T ,cc149,c149,Whitehead N ,r1754,ce393,p877
Rose M T ,cc149,c149,Nelson M C ,r1755,ce393,p877
Medina J ,cc15,c15,Ledezma C ,r278,ce23,p139
Medina J ,cc15,c15,Pan Z ,r279,ce23,p139
Vermeltfoort A T ,cc150,c150,Johnson B I ,r1762,ce396,p881
Vermeltfoort A T ,cc150,c150,Nelson T G ,r1763,ce396,p881
Upadhyay P ,cc151,c151,,,,
Kim D ,cc152,c152,,,,
Penaloza J ,cc153,c153,,,,
Qian Z ,cc154,c154,,,,
Weaver J M ,cc155,c155,,,,
Ning A ,cc156,c156,,,,
Borden M J ,cc157,c157,,,,
Homer E R ,cc158,c158,,,,
Yayoglu Y E ,cc159,c159,,,,
Abraham Martin R ,cc16,c16,Sommerfeldt S D ,r284,ce24,p142
Abraham Martin R ,cc16,c16,Payette G ,r285,ce24,p142
Migliaccio M ,cc160,c160,,,,
Palomba E ,cc161,c161,,,,
Hong C -F ,cc162,c162,,,,
Nybø R ,cc163,c163,,,,
Goode T ,cc164,c164,,,,
Glaab P C ,cc165,c165,,,,
Downing J M ,cc166,c166,,,,
Pettingill D ,cc167,c167,,,,
Bong H J ,cc168,c168,,,,
Whitty K J ,cc169,c169,,,,
Leavitt J C ,cc17,c17,Vaterlaus A C ,r288,ce25,p144
Leavitt J C ,cc17,c17,Katayama I ,r289,ce25,p144
Ignaut B ,cc170,c170,,,,
Bilancia P ,cc171,c171,,,,
Menand S ,cc172,c172,,,,
Harris A W ,cc173,c173,,,,
Wilding W V ,cc174,c174,,,,
Christie S ,cc175,c175,,,,
Ledezma C ,cc176,c176,,,,
Chen G ,cc177,c177,,,,
Nir T ,cc178,c178,,,,
Randall G C ,cc179,c179,,,,
Bong H J ,cc18,c18,Balijepalli S K ,r296,ce26,p148
Bong H J ,cc18,c18,Bekker B ,r297,ce26,p148
Aslani P ,cc180,c180,,,,
Alfson K J ,cc181,c181,,,,
Jain P ,cc182,c182,,,,
Weller T M ,cc183,c183,,,,
Dallon E ,cc184,c184,,,,
Moss H ,cc185,c185,,,,
Zou Z ,cc186,c186,,,,
Howell C ,cc187,c187,,,,
Lübeck A ,cc188,c188,,,,
Yamashita G ,cc189,c189,,,,
Hammond A M ,cc19,c19,Ventura D ,r310,ce27,p155
Hammond A M ,cc19,c19,Sardar S ,r311,ce27,p155
Hammond A M ,cc19,c19,Newsome M R ,r312,ce28,p156
Hammond A M ,cc19,c19,Yan D ,r313,ce28,p156
Jones T ,cc190,c190,,,,
Vaziripour E ,cc191,c191,,,,
Temizel-Sekeryan S ,cc192,c192,,,,
Chalfant T ,cc193,c193,,,,
Ashida M ,cc194,c194,,,,
Clarke K D ,cc195,c195,,,,
Tyler J ,cc196,c196,,,,
Ames D C ,cc197,c197,,,,
Micah Downing J ,cc198,c198,,,,
Thomas D C ,cc199,c199,,,,
Imran M ,cc2,c2,Mehta A ,r42,ce2,p21
Imran M ,cc2,c2,Khoshniat A ,r43,ce2,p21
Imran M ,cc2,c2,Yong A ,r1382,ce296,p691
Imran M ,cc2,c2,Lay K ,r1383,ce296,p691
Imran M ,cc2,c2,Bowman E ,r48,ce4,p24
Imran M ,cc2,c2,Le Bas P -Y ,r49,ce4,p24
Yang X ,cc20,c20,Bundy B C ,r314,ce29,p157
Yang X ,cc20,c20,Clinton R ,r315,ce29,p157
Erickson S D ,cc200,c200,,,,
Fletcher M ,cc201,c201,,,,
Li T ,cc202,c202,,,,
Dallon E ,cc203,c203,,,,
Liotier P -J ,cc204,c204,,,,
Toomey R ,cc205,c205,,,,
Wen S -J ,cc206,c206,,,,
Shen T -C ,cc207,c207,,,,
Retherford J ,cc208,c208,,,,
Vanfleet R ,cc209,c209,,,,
Noyce S G ,cc21,c21,Ochsner S ,r320,ce30,p160
Noyce S G ,cc21,c21,Forcade R W ,r321,ce30,p160
Noyce S G ,cc21,c21,Ryou J -H ,r322,ce31,p161
Noyce S G ,cc21,c21,Brown N P ,r323,ce31,p161
Stuedlein A ,cc210,c210,,,,
Pietrosimone B ,cc211,c211,,,,
Lee E T ,cc212,c212,,,,
Hansen L ,cc213,c213,,,,
Gruwell A ,cc214,c214,,,,
Nelson T W ,cc215,c215,,,,
Johnson C ,cc216,c216,,,,
Luna A ,cc217,c217,,,,
León C ,cc218,c218,,,,
Ernst D ,cc219,c219,,,,
Weaver J M ,cc22,c22,DeYoung J ,r332,ce32,p166
Weaver J M ,cc22,c22,Baktur R ,r333,ce32,p166
Luna A ,cc220,c220,,,,
Ames D P ,cc221,c221,,,,
Brewer J ,cc222,c222,,,,
Neupane A ,cc223,c223,,,,
Ebert J ,cc224,c224,,,,
Allred D D ,cc225,c225,,,,
Middendorf P ,cc226,c226,,,,
Shumway S ,cc227,c227,,,,
Crawford D C ,cc228,c228,,,,
Desrochers C ,cc229,c229,,,,
Pires dos Santos R ,cc23,c23,Patel D I ,r334,ce33,p167
Pires dos Santos R ,cc23,c23,Whitehead J P ,r335,ce33,p167
Pires dos Santos R ,cc23,c23,La A ,r336,ce34,p168
Pires dos Santos R ,cc23,c23,Ruoti S ,r337,ce34,p168
Davis B R ,cc230,c230,,,,
Pederson J ,cc231,c231,,,,
Heath D ,cc232,c232,,,,
Levy O ,cc233,c233,,,,
Montalva G ,cc234,c234,,,,
Bender C ,cc235,c235,,,,
Camacho R M ,cc236,c236,,,,
Stewart E ,cc237,c237,,,,
Rozsa J ,cc238,c238,,,,
Smiley A J ,cc239,c239,,,,
Rollins K M ,cc24,c24,Josephson C ,r342,ce35,p171
Rollins K M ,cc24,c24,Leto A ,r343,ce35,p171
Rollins K M ,cc24,c24,Gabriel Richardson J ,r344,ce36,p172
Rollins K M ,cc24,c24,Rupp M ,r345,ce36,p172
Rollins K M ,cc24,c24,Loaiza J ,r346,ce37,p173
Rollins K M ,cc24,c24,Russell D N ,r347,ce37,p173
Buie M W ,cc240,c240,,,,
Dittemore G ,cc241,c241,,,,
Woodbury N ,cc242,c242,,,,
Leavitt J C ,cc243,c243,,,,
Holbrook M D ,cc244,c244,,,,
Cobos D ,cc245,c245,,,,
Sanchez D ,cc246,c246,,,,
Metro D ,cc247,c247,,,,
Arshad S ,cc248,c248,,,,
Jellen E N ,cc249,c249,,,,
Magleby S P ,cc25,c25,Senic D ,r352,ce38,p176
Magleby S P ,cc25,c25,Li Y ,r353,ce38,p176
Behounek M ,cc250,c250,,,,
Abraham Martin R ,cc251,c251,,,,
Bean M ,cc252,c252,,,,
Haber J M ,cc253,c253,,,,
Amin M N ,cc254,c254,,,,
Bopp D G ,cc255,c255,,,,
Saleh A M ,cc256,c256,,,,
Moore K R ,cc257,c257,,,,
Ahmad W ,cc258,c258,,,,
Kincaid C J ,cc259,c259,,,,
Zhu Y ,cc26,c26,Jeong Y -H ,r354,ce39,p177
Zhu Y ,cc26,c26,Liu Z Y -C ,r355,ce39,p177
Shen W ,cc260,c260,,,,
Parish W ,cc261,c261,,,,
Zeng M ,cc262,c262,,,,
Chen G ,cc263,c263,,,,
Major G H ,cc264,c264,,,,
Ashida M ,cc265,c265,,,,
Luk W ,cc266,c266,,,,
Montalva G ,cc267,c267,,,,
Huang Y -C ,cc268,c268,,,,
Mehmood R ,cc269,c269,,,,
Allen J D ,cc27,c27,Umer R ,r390,ce44,p195
Allen J D ,cc27,c27,Carroll J D ,r391,ce44,p195
Power R ,cc270,c270,,,,
Dittemore G ,cc271,c271,,,,
Rice W ,cc272,c272,,,,
Cowley A ,cc273,c273,,,,
Kang C K ,cc274,c274,,,,
Li X ,cc275,c275,,,,
Francis B L ,cc276,c276,,,,
Haber J M ,cc277,c277,,,,
Best C M ,cc278,c278,,,,
Sunaoshi T ,cc279,c279,,,,
Harrison C R ,cc28,c28,Codling J R ,r392,ce45,p196
Harrison C R ,cc28,c28,Barreto D ,r393,ce45,p196
Samelson R ,cc280,c280,,,,
Wendt J O L ,cc281,c281,,,,
Fung R ,cc282,c282,,,,
Rahman M ,cc283,c283,,,,
Smith R ,cc284,c284,,,,
Tolman S ,cc285,c285,,,,
Pollard T ,cc286,c286,,,,
Tate D F ,cc287,c287,,,,
Wilson P S ,cc288,c288,,,,
Horak P ,cc289,c289,,,,
Bentley N L ,cc29,c29,Grishaev V ,r1408,ce298,p704
Bentley N L ,cc29,c29,Snow D ,r1409,ce298,p704
Bentley N L ,cc29,c29,Thomson S L ,r394,ce46,p197
Bentley N L ,cc29,c29,Besendorfer J ,r395,ce46,p197
McDonald J K ,cc290,c290,,,,
Behounek M ,cc291,c291,,,,
Spendlove B ,cc292,c292,,,,
Heath Ogden T ,cc293,c293,,,,
Biswas A ,cc294,c294,,,,
Zou Z ,cc295,c295,,,,
Unrau M A ,cc296,c296,,,,
Caglar H ,cc297,c297,,,,
Eapen B ,cc298,c298,,,,
Homer E R ,cc299,c299,,,,
Hunt J P ,cc3,c3,Zacheu G ,r44,ce3,p22
Hunt J P ,cc3,c3,Armknecht J ,r45,ce3,p22
Zephirin T ,cc30,c30,Arya M ,r964,ce174,p482
Zephirin T ,cc30,c30,Long E A ,r965,ce174,p482
Zephirin T ,cc30,c30,Seeley M K ,r966,ce175,p483
Zephirin T ,cc30,c30,James B ,r967,ce175,p483
Zephirin T ,cc30,c30,Craddock T J A ,r968,ce176,p484
Zephirin T ,cc30,c30,Beard J D ,r969,ce176,p484
Zephirin T ,cc30,c30,Giles N F ,r970,ce177,p485
Zephirin T ,cc30,c30,Pucci M F ,r971,ce177,p485
Zephirin T ,cc30,c30,Choudhury D ,r972,ce178,p486
Zephirin T ,cc30,c30,Scott D R ,r973,ce178,p486
Zephirin T ,cc30,c30,Beard J D ,r974,ce179,p487
Zephirin T ,cc30,c30,Snell Q ,r975,ce179,p487
Zephirin T ,cc30,c30,Pingel N ,r976,ce180,p488
Zephirin T ,cc30,c30,Seegmiller R E ,r977,ce180,p488
Zephirin T ,cc30,c30,Cockrell J ,r978,ce181,p489
Zephirin T ,cc30,c30,Stanković A M ,r979,ce181,p489
Zephirin T ,cc30,c30,Sansom R L ,r980,ce182,p490
Zephirin T ,cc30,c30,Chen C -H ,r981,ce182,p490
Zephirin T ,cc30,c30,Rai A ,r982,ce183,p491
Zephirin T ,cc30,c30,Wendt J O L ,r983,ce183,p491
Zephirin T ,cc30,c30,High G ,r984,ce184,p492
Zephirin T ,cc30,c30,Rahman L O A ,r985,ce184,p492
Zephirin T ,cc30,c30,Campbell B D ,r986,ce185,p493
Zephirin T ,cc30,c30,Ward J ,r987,ce185,p493
Zephirin T ,cc30,c30,Ray Pentecost A ,r1460,ce311,p730
Zephirin T ,cc30,c30,Parness A ,r1461,ce311,p730
Zephirin T ,cc30,c30,Grimsman D ,r1462,ce312,p731
Zephirin T ,cc30,c30,Griffin D ,r1463,ce312,p731
Zephirin T ,cc30,c30,Milam S N ,r1464,ce313,p732
Zephirin T ,cc30,c30,Harris A W ,r1465,ce313,p732
Zephirin T ,cc30,c30,Hogg H L ,r1466,ce314,p733
Zephirin T ,cc30,c30,Angeles A ,r1467,ce314,p733
Zephirin T ,cc30,c30,Gladstone R ,r1468,ce315,p734
Zephirin T ,cc30,c30,Takeuchi I ,r1469,ce315,p734
Zephirin T ,cc30,c30,Bidstrup C C ,r1470,ce316,p735
Zephirin T ,cc30,c30,Fletcher M E ,r1471,ce316,p735
Zephirin T ,cc30,c30,Palma L ,r1472,ce317,p736
Zephirin T ,cc30,c30,McDonald-Mcginn D ,r1473,ce317,p736
Zephirin T ,cc30,c30,Taylor B A ,r1474,ce318,p737
Zephirin T ,cc30,c30,Leete K M ,r1475,ce318,p737
Zephirin T ,cc30,c30,Fanning D T ,r1476,ce319,p738
Zephirin T ,cc30,c30,Bowden A E ,r1477,ce319,p738
Zephirin T ,cc30,c30,Hunter I ,r418,ce47,p209
Zephirin T ,cc30,c30,Fistler M ,r419,ce47,p209
Armknecht J ,cc300,c300,,,,
Baradoy D ,cc301,c301,,,,
Wong R ,cc302,c302,,,,
Dickinson T ,cc303,c303,,,,
Nielsen J ,cc304,c304,,,,
Murphy C ,cc305,c305,,,,
Wall A T ,cc306,c306,,,,
Chen J Y C ,cc307,c307,,,,
Reese K ,cc308,c308,,,,
Danailov M ,cc309,c309,,,,
Zimmerman T K ,cc31,c31,Stanford N R ,r426,ce48,p213
Zimmerman T K ,cc31,c31,Park J -W ,r427,ce48,p213
Zimmerman T K ,cc31,c31,Homer E R ,r428,ce49,p214
Zimmerman T K ,cc31,c31,Stanford N R ,r429,ce49,p214
Zimmerman T K ,cc31,c31,Fry R ,r430,ce50,p215
Zimmerman T K ,cc31,c31,Abildskov T J ,r431,ce50,p215
Zimmerman T K ,cc31,c31,Pederson J ,r432,ce51,p216
Zimmerman T K ,cc31,c31,Primig S ,r433,ce51,p216
Zimmerman T K ,cc31,c31,Fourment L ,r442,ce53,p221
Zimmerman T K ,cc31,c31,Bonner N ,r443,ce53,p221
Zadegan R M ,cc310,c310,,,,
Vaziripour E ,cc311,c311,,,,
Whitworth C B ,cc312,c312,,,,
Griffiths A ,cc313,c313,,,,
Cowley A ,cc314,c314,,,,
Lee K ,cc315,c315,,,,
Pohl M B ,cc316,c316,,,,
Samelson R ,cc317,c317,,,,
von Lockette P ,cc318,c318,,,,
Levin H S ,cc319,c319,,,,
Durdle C A ,cc32,c32,Fang S ,r440,ce52,p220
Durdle C A ,cc32,c32,Bodily D M ,r441,ce52,p220
Day N ,cc320,c320,,,,
Qaderi K ,cc321,c321,,,,
Park C -H ,cc322,c322,,,,
Olsen C R ,cc323,c323,,,,
Thomas M ,cc324,c324,,,,
Russell D N ,cc325,c325,,,,
Mosavi H ,cc326,c326,,,,
White S ,cc327,c327,,,,
Zentner L ,cc328,c328,,,,
Roychowdhury T ,cc329,c329,,,,
Cai H ,cc33,c33,Perrins E ,r450,ce54,p225
Cai H ,cc33,c33,Navrotsky A ,r451,ce54,p225
Vaziripour E ,cc330,c330,,,,
Hardman M A ,cc331,c331,,,,
Roberts M W ,cc332,c332,,,,
Sousa P ,cc333,c333,,,,
Oldroyd J ,cc334,c334,,,,
Fang S ,cc335,c335,,,,
Rich J T ,cc336,c336,,,,
Chatterjee S ,cc337,c337,,,,
Chang M -C F ,cc338,c338,,,,
Hosler T ,cc339,c339,,,,
Basko R ,cc34,c34,Yong A ,r938,ce171,p469
Basko R ,cc34,c34,Xing C ,r939,ce171,p469
Basko R ,cc34,c34,White J H ,r940,ce172,p470
Basko R ,cc34,c34,Desrochers C ,r941,ce172,p470
Basko R ,cc34,c34,Aghito M ,r464,ce55,p232
Basko R ,cc34,c34,Poornejad N ,r465,ce55,p232
Basko R ,cc34,c34,Parks J W ,r480,ce58,p240
Basko R ,cc34,c34,Sargent B ,r481,ce58,p240
Basko R ,cc34,c34,Boardman B ,r482,ce59,p241
Basko R ,cc34,c34,Van Hoe B ,r483,ce59,p241
Jensen T D ,cc340,c340,,,,
Pietrosimone B ,cc341,c341,,,,
Schima S ,cc342,c342,,,,
Armknecht J ,cc343,c343,,,,
Unnikrishnan V ,cc344,c344,,,,
Mosavi H ,cc345,c345,,,,
Goates C B ,cc346,c346,,,,
Smith T J ,cc347,c347,,,,
Glorieux C ,cc348,c348,,,,
Cockrell J ,cc349,c349,,,,
Allen D ,cc35,c35,Caglar B ,r470,ce56,p235
Allen D ,cc35,c35,Van Den Bree M ,r471,ce56,p235
Allen D ,cc35,c35,Qian X ,r478,ce57,p239
Allen D ,cc35,c35,Evans W ,r479,ce57,p239
Aslani P ,cc350,c350,,,,
Hsieh H H ,cc351,c351,,,,
Stewart E ,cc352,c352,,,,
Rosen P F ,cc353,c353,,,,
Reimschiissel B ,cc354,c354,,,,
Hughes T J R ,cc355,c355,,,,
Shoemaker G ,cc356,c356,,,,
Hinds S R ,cc357,c357,,,,
Seat M L ,cc358,c358,,,,
Geiger D W ,cc359,c359,,,,
Fernelius M H ,cc36,c36,Beauchamp M J ,r506,ce60,p253
Fernelius M H ,cc36,c36,Haber J M ,r507,ce60,p253
Knight M M ,cc360,c360,,,,
Tueller J A ,cc361,c361,,,,
Yekan T ,cc362,c362,,,,
Brodie M ,cc363,c363,,,,
Koch D P ,cc364,c364,,,,
Fernelius M H ,cc365,c365,,,,
Bean M ,cc366,c366,,,,
Ganjalizadeh V ,cc367,c367,,,,
Amare N ,cc368,c368,,,,
Desai A ,cc369,c369,,,,
Seegmiller R E ,cc37,c37,Barrett L K ,r512,ce61,p256
Seegmiller R E ,cc37,c37,Burrow D ,r513,ce61,p256
Cabas A ,cc370,c370,,,,
Colton M B ,cc371,c371,,,,
Hansen B ,cc372,c372,,,,
Hayes A ,cc373,c373,,,,
Perrins E ,cc374,c374,,,,
Wood C M ,cc375,c375,,,,
Hammond A M ,cc376,c376,,,,
Wisco J ,cc377,c377,,,,
Allred D D ,cc378,c378,,,,
Bickerton S ,cc379,c379,,,,
Robinson K P ,cc38,c38,Biswas A ,r534,ce62,p267
Robinson K P ,cc38,c38,Lundgreen R ,r535,ce62,p267
Robinson K P ,cc38,c38,Shahgholian H ,r536,ce63,p268
Robinson K P ,cc38,c38,Bowman E ,r537,ce63,p268
Griffitts J ,cc380,c380,,,,
Liu J ,cc381,c381,,,,
Woods D D ,cc382,c382,,,,
Shor R ,cc383,c383,,,,
Freedman D ,cc384,c384,,,,
Chen G ,cc385,c385,,,,
Munro T ,cc386,c386,,,,
Chetty V ,cc387,c387,,,,
Kochenderfer M J ,cc388,c388,,,,
Casbeer D W ,cc389,c389,,,,
Zou Z ,cc39,c39,Liang J H ,r546,ce64,p273
Zou Z ,cc39,c39,Eargle D ,r547,ce64,p273
Stapleton T ,cc390,c390,,,,
Safdarnejad S M ,cc391,c391,,,,
Campbell A ,cc392,c392,,,,
Zou Z ,cc393,c393,,,,
Newton M ,cc394,c394,,,,
Ragozzine D ,cc395,c395,,,,
Cannon M J ,cc396,c396,,,,
Warnick G M ,cc397,c397,,,,
Magleby S P ,cc398,c398,,,,
Dornisch W ,cc4,c4,Nickerl A ,r920,ce165,p460
Dornisch W ,cc4,c4,Ekstrom L T ,r921,ce165,p460
Dornisch W ,cc4,c4,Yan X ,r922,ce166,p461
Dornisch W ,cc4,c4,André F ,r923,ce166,p461
Dornisch W ,cc4,c4,Yeung E ,r924,ce167,p462
Dornisch W ,cc4,c4,Smith A ,r925,ce167,p462
Dornisch W ,cc4,c4,Parent J R ,r926,ce168,p463
Dornisch W ,cc4,c4,Jiang Y ,r927,ce168,p463
Dornisch W ,cc4,c4,André F ,r1458,ce310,p729
Dornisch W ,cc4,c4,Adidharma H ,r1459,ce310,p729
Dornisch W ,cc4,c4,Nuttall J R ,r380,ce40,p190
Dornisch W ,cc4,c4,Fuller S G ,r381,ce40,p190
Dornisch W ,cc4,c4,Schubnel R ,r382,ce41,p191
Dornisch W ,cc4,c4,Laycock R G ,r383,ce41,p191
Dornisch W ,cc4,c4,Manning A D ,r384,ce42,p192
Dornisch W ,cc4,c4,Qian Z ,r385,ce42,p192
Dornisch W ,cc4,c4,Rajnarayan D ,r386,ce43,p193
Dornisch W ,cc4,c4,Tovar J L ,r387,ce43,p193
Dornisch W ,cc4,c4,Major J ,r68,ce5,p34
Dornisch W ,cc4,c4,Abut F ,r69,ce5,p34
Butler M ,cc40,c40,Pinto T ,r558,ce65,p279
Butler M ,cc40,c40,Calderon J R ,r559,ce65,p279
Butler M ,cc40,c40,Smith T ,r560,ce66,p280
Butler M ,cc40,c40,Howarth J ,r561,ce66,p280
Chapman S C ,cc41,c41,Baptista A ,r562,ce67,p281
Chapman S C ,cc41,c41,Carilho M ,r563,ce67,p281
Umer R ,cc42,c42,Kirk R ,r568,ce68,p284
Umer R ,cc42,c42,Wald M O ,r569,ce68,p284
Ayoubi P ,cc43,c43,Crandall K A ,r666,ce109,p333
Ayoubi P ,cc43,c43,Freeman I ,r667,ce109,p333
Ayoubi P ,cc43,c43,Csányi G ,r668,ce110,p334
Ayoubi P ,cc43,c43,Beard R W ,r669,ce110,p334
Ayoubi P ,cc43,c43,Sarid G ,r734,ce129,p367
Ayoubi P ,cc43,c43,Klimas N G ,r735,ce129,p367
Ayoubi P ,cc43,c43,Wright S I ,r572,ce69,p286
Ayoubi P ,cc43,c43,Jensen B D ,r573,ce69,p286
Ayoubi P ,cc43,c43,Perry S B ,r574,ce70,p287
Ayoubi P ,cc43,c43,Milam S N ,r575,ce70,p287
Ayoubi P ,cc43,c43,Raven L A ,r576,ce71,p288
Ayoubi P ,cc43,c43,Reichman B ,r577,ce71,p288
Davis T M ,cc44,c44,Navrotsky A ,r670,ce111,p335
Davis T M ,cc44,c44,Song R ,r671,ce111,p335
Davis T M ,cc44,c44,Lewis R S ,r672,ce112,p336
Davis T M ,cc44,c44,Wheadon J ,r673,ce112,p336
Davis T M ,cc44,c44,Taciroglu E ,r578,ce72,p289
Davis T M ,cc44,c44,Wald M O ,r579,ce72,p289
Renouard J ,cc45,c45,Noble P ,r584,ce74,p292
Renouard J ,cc45,c45,Thameem M ,r585,ce74,p292
Renouard J ,cc45,c45,Dryer Z ,r586,ce75,p293
Renouard J ,cc45,c45,Thomas M ,r587,ce75,p293
Renouard J ,cc45,c45,Opra J ,r588,ce76,p294
Renouard J ,cc45,c45,Duffield M O ,r589,ce76,p294
George A ,cc46,c46,Cayeux E ,r694,ce119,p347
George A ,cc46,c46,Warnick S ,r695,ce119,p347
George A ,cc46,c46,Heiner B K ,r744,ce133,p372
George A ,cc46,c46,Wirthlin M ,r745,ce133,p372
George A ,cc46,c46,Hunter I ,r756,ce137,p378
George A ,cc46,c46,Trilling D E ,r757,ce137,p378
George A ,cc46,c46,Daniluk T ,r776,ce140,p388
George A ,cc46,c46,Hanson R M ,r777,ce140,p388
George A ,cc46,c46,Linn J ,r1122,ce210,p561
George A ,cc46,c46,Canizales K A ,r1123,ce210,p561
George A ,cc46,c46,Jin L ,r1124,ce211,p562
George A ,cc46,c46,Kaufeld K ,r1125,ce211,p562
George A ,cc46,c46,Eves K ,r1126,ce212,p563
George A ,cc46,c46,Searle H ,r1127,ce212,p563
George A ,cc46,c46,Passey D J ,r1214,ce245,p607
George A ,cc46,c46,Transtrum M K ,r1215,ce245,p607
George A ,cc46,c46,Holbrook M D ,r1216,ce246,p608
George A ,cc46,c46,Ruokolainen R ,r1217,ce246,p608
George A ,cc46,c46,Milana G ,r1290,ce277,p645
George A ,cc46,c46,Childs B R ,r1291,ce277,p645
George A ,cc46,c46,Machado S ,r1678,ce366,p839
George A ,cc46,c46,Loney D A ,r1679,ce366,p839
George A ,cc46,c46,Hahn A ,r1680,ce367,p840
George A ,cc46,c46,Cathey C ,r1681,ce367,p840
George A ,cc46,c46,Taciroglu E ,r1682,ce368,p841
George A ,cc46,c46,Collett T ,r1683,ce368,p841
George A ,cc46,c46,Taciroglu E ,r590,ce77,p295
George A ,cc46,c46,Zeng M ,r591,ce77,p295
George A ,cc46,c46,Kimmons R ,r592,ce78,p296
George A ,cc46,c46,Lin H -H ,r593,ce78,p296
McCown A S ,cc47,c47,Camplani A ,r1598,ce336,p799
McCown A S ,cc47,c47,Brewer E ,r1599,ce336,p799
McCown A S ,cc47,c47,Wilson M E ,r594,ce79,p297
McCown A S ,cc47,c47,Price J L ,r595,ce79,p297
Nussbaum J ,cc48,c48,Nguyen V ,r1134,ce216,p567
Nussbaum J ,cc48,c48,Desai A ,r1135,ce216,p567
Nussbaum J ,cc48,c48,Chang M -C F ,r1260,ce265,p630
Nussbaum J ,cc48,c48,Ende J J ,r1261,ce265,p630
Nussbaum J ,cc48,c48,Chamberlin R ,r1736,ce389,p868
Nussbaum J ,cc48,c48,Spendlove B ,r1737,ce389,p868
Nussbaum J ,cc48,c48,Schmidt H ,r596,ce80,p298
Nussbaum J ,cc48,c48,Tikare V ,r597,ce80,p298
Nussbaum J ,cc48,c48,Sypherd S ,r604,ce83,p302
Nussbaum J ,cc48,c48,Anderson S ,r605,ce83,p302
Monteiro T ,cc49,c49,Hu R ,r598,ce81,p299
Monteiro T ,cc49,c49,Irvin J J ,r599,ce81,p299
Marr K M ,cc5,c5,Wolfe D ,r88,ce6,p44
Marr K M ,cc5,c5,Micah Downing J ,r89,ce6,p44
Marr K M ,cc5,c5,Piktel E ,r90,ce7,p45
Marr K M ,cc5,c5,Ignaut B ,r91,ce7,p45
Marr K M ,cc5,c5,Stevens M D ,r110,ce9,p55
Marr K M ,cc5,c5,Parate K ,r111,ce9,p55
Seeley M K ,cc50,c50,Toher C ,r688,ce117,p344
Seeley M K ,cc50,c50,Brown J ,r689,ce117,p344
Seeley M K ,cc50,c50,Canizales K A ,r750,ce136,p375
Seeley M K ,cc50,c50,Austin D E ,r751,ce136,p375
Seeley M K ,cc50,c50,Walters D J ,r600,ce82,p300
Seeley M K ,cc50,c50,Tarnok Z ,r601,ce82,p300
Manyam S G ,cc51,c51,Bekker B ,r704,ce123,p352
Manyam S G ,cc51,c51,Vera-Grunauer X ,r705,ce123,p352
Manyam S G ,cc51,c51,Gong H ,r606,ce84,p303
Manyam S G ,cc51,c51,Thorum A ,r607,ce84,p303
Heath Ogden T ,cc52,c52,Rai A ,r690,ce118,p345
Heath Ogden T ,cc52,c52,Jin M ,r691,ce118,p345
Heath Ogden T ,cc52,c52,Long A ,r608,ce85,p304
Heath Ogden T ,cc52,c52,Hogstrom C ,r609,ce85,p304
Besendorfer J ,cc53,c53,James M M ,r696,ce120,p348
Besendorfer J ,cc53,c53,Ashe J ,r697,ce120,p348
Besendorfer J ,cc53,c53,Knezevic M ,r610,ce86,p305
Besendorfer J ,cc53,c53,Liang J H ,r611,ce86,p305
Besendorfer J ,cc53,c53,Lopes R ,r612,ce87,p306
Besendorfer J ,cc53,c53,Rose M A ,r613,ce87,p306
Aarsnes U J ,cc54,c54,Payette G ,r1148,ce219,p574
Aarsnes U J ,cc54,c54,Fronk Z ,r1149,ce219,p574
Aarsnes U J ,cc54,c54,Niedfeldt P C ,r1150,ce220,p575
Aarsnes U J ,cc54,c54,Seymour K ,r1151,ce220,p575
Aarsnes U J ,cc54,c54,Long A ,r1152,ce221,p576
Aarsnes U J ,cc54,c54,Rose M A ,r1153,ce221,p576
Aarsnes U J ,cc54,c54,Goodrich-Hunsaker N J ,r1154,ce222,p577
Aarsnes U J ,cc54,c54,Noyce S G ,r1155,ce222,p577
Aarsnes U J ,cc54,c54,Chen Y -F ,r1156,ce223,p578
Aarsnes U J ,cc54,c54,Campbell C ,r1157,ce223,p578
Aarsnes U J ,cc54,c54,Paré P E ,r1236,ce255,p618
Aarsnes U J ,cc54,c54,Pendlebury J ,r1237,ce255,p618
Aarsnes U J ,cc54,c54,Monk A ,r1238,ce256,p619
Aarsnes U J ,cc54,c54,Morales-Velez A C ,r1239,ce256,p619
Aarsnes U J ,cc54,c54,Amoroso S ,r1614,ce342,p807
Aarsnes U J ,cc54,c54,Stringer B J ,r1615,ce342,p807
Aarsnes U J ,cc54,c54,Wagstaff K B ,r1616,ce343,p808
Aarsnes U J ,cc54,c54,Andrews D W ,r1617,ce343,p808
Aarsnes U J ,cc54,c54,Blonquist J ,r1694,ce371,p847
Aarsnes U J ,cc54,c54,Rupp M ,r1695,ce371,p847
Aarsnes U J ,cc54,c54,Beyzaei C ,r1696,ce372,p848
Aarsnes U J ,cc54,c54,Wu J ,r1697,ce372,p848
Aarsnes U J ,cc54,c54,Bunker D ,r1772,ce398,p886
Aarsnes U J ,cc54,c54,Lim H ,r1773,ce398,p886
Aarsnes U J ,cc54,c54,Blackburn L ,r616,ce88,p308
Aarsnes U J ,cc54,c54,Hatch C ,r617,ce88,p308
Aarsnes U J ,cc54,c54,Parness A ,r618,ce89,p309
Aarsnes U J ,cc54,c54,Bodily R ,r619,ce89,p309
Aarsnes U J ,cc54,c54,Pires dos Santos R ,r620,ce90,p310
Aarsnes U J ,cc54,c54,Dutson J ,r621,ce90,p310
Aarsnes U J ,cc54,c54,Jung J M ,r622,ce91,p311
Aarsnes U J ,cc54,c54,Davis H C ,r623,ce91,p311
Aarsnes U J ,cc54,c54,Boaventura-Cunha J ,r624,ce92,p312
Aarsnes U J ,cc54,c54,Simpson T W ,r625,ce92,p312
Watt R K ,cc55,c55,Willmore D ,r626,ce93,p313
Watt R K ,cc55,c55,Amoroso S ,r627,ce93,p313
Biwer C M ,cc56,c56,Willenbacher B ,r640,ce100,p320
Biwer C M ,cc56,c56,Steffensen S C ,r641,ce100,p320
Biwer C M ,cc56,c56,O’Neill M ,r642,ce101,p321
Biwer C M ,cc56,c56,Palmer J ,r643,ce101,p321
Biwer C M ,cc56,c56,Mahmood A ,r644,ce102,p322
Biwer C M ,cc56,c56,El Asmar M ,r645,ce102,p322
Biwer C M ,cc56,c56,Mohamad G ,r646,ce103,p323
Biwer C M ,cc56,c56,Selvan K T ,r647,ce103,p323
Biwer C M ,cc56,c56,Wood C M ,r648,ce104,p324
Biwer C M ,cc56,c56,Savage P B ,r649,ce104,p324
Biwer C M ,cc56,c56,Berselli G ,r650,ce105,p325
Biwer C M ,cc56,c56,Woodfield B F ,r651,ce105,p325
Biwer C M ,cc56,c56,Heath Ogden T ,r706,ce124,p353
Biwer C M ,cc56,c56,Vernon C A ,r707,ce124,p353
Biwer C M ,cc56,c56,Rasmussen S ,r708,ce125,p354
Biwer C M ,cc56,c56,Veletsianos G ,r709,ce125,p354
Biwer C M ,cc56,c56,Villa J M ,r760,ce138,p380
Biwer C M ,cc56,c56,Kochenderfer M J ,r761,ce138,p380
Biwer C M ,cc56,c56,Lyng G ,r762,ce139,p381
Biwer C M ,cc56,c56,Tamini A ,r763,ce139,p381
Biwer C M ,cc56,c56,Trilling D E ,r1160,ce225,p580
Biwer C M ,cc56,c56,Monteiro T ,r1161,ce225,p580
Biwer C M ,cc56,c56,Zhao D ,r1162,ce226,p581
Biwer C M ,cc56,c56,Scott E ,r1163,ce226,p581
Biwer C M ,cc56,c56,Small K A ,r1164,ce227,p582
Biwer C M ,cc56,c56,Hunter J G ,r1165,ce227,p582
Biwer C M ,cc56,c56,Sharp N ,r1166,ce228,p583
Biwer C M ,cc56,c56,Evans W ,r1167,ce228,p583
Biwer C M ,cc56,c56,Butail S ,r1168,ce229,p584
Biwer C M ,cc56,c56,Malmberg M A ,r1169,ce229,p584
Biwer C M ,cc56,c56,Nordin G P ,r1170,ce230,p585
Biwer C M ,cc56,c56,Wang X ,r1171,ce230,p585
Biwer C M ,cc56,c56,Fauster E ,r1172,ce231,p586
Biwer C M ,cc56,c56,Smalley D ,r1173,ce231,p586
Biwer C M ,cc56,c56,Ulrich T J ,r1174,ce232,p587
Biwer C M ,cc56,c56,Vaugh A B ,r1175,ce232,p587
Biwer C M ,cc56,c56,Chatterjee S ,r1630,ce350,p815
Biwer C M ,cc56,c56,Crampton E ,r1631,ce350,p815
Biwer C M ,cc56,c56,André F ,r1632,ce351,p816
Biwer C M ,cc56,c56,Mosavi H ,r1633,ce351,p816
Biwer C M ,cc56,c56,Nir T ,r1634,ce352,p817
Biwer C M ,cc56,c56,Song Y ,r1635,ce352,p817
Biwer C M ,cc56,c56,Hartman B ,r1636,ce353,p818
Biwer C M ,cc56,c56,Stanković A M ,r1637,ce353,p818
Biwer C M ,cc56,c56,Mascarenas D ,r1638,ce354,p819
Biwer C M ,cc56,c56,Ravert J ,r1639,ce354,p819
Biwer C M ,cc56,c56,Erickson H C ,r1704,ce376,p852
Biwer C M ,cc56,c56,Momtahan N ,r1705,ce376,p852
Biwer C M ,cc56,c56,Qian X ,r1706,ce377,p853
Biwer C M ,cc56,c56,Renouard J ,r1707,ce377,p853
Biwer C M ,cc56,c56,Huang Y -C ,r1708,ce378,p854
Biwer C M ,cc56,c56,Budd R ,r1709,ce378,p854
Biwer C M ,cc56,c56,Dearden J ,r1710,ce379,p855
Biwer C M ,cc56,c56,Salmon J ,r1711,ce379,p855
Biwer C M ,cc56,c56,Dwivedi V H ,r1712,ce380,p856
Biwer C M ,cc56,c56,Goeders J ,r1713,ce380,p856
Biwer C M ,cc56,c56,Bolme C ,r1748,ce392,p874
Biwer C M ,cc56,c56,Gautam A ,r1749,ce392,p874
Biwer C M ,cc56,c56,Hovanski Y ,r628,ce94,p314
Biwer C M ,cc56,c56,Mavrogordato M N ,r629,ce94,p314
Biwer C M ,cc56,c56,Lee K ,r630,ce95,p315
Biwer C M ,cc56,c56,Parks J W ,r631,ce95,p315
Biwer C M ,cc56,c56,Meena G G ,r632,ce96,p316
Biwer C M ,cc56,c56,Prasad S V ,r633,ce96,p316
Biwer C M ,cc56,c56,Zamora M A ,r634,ce97,p317
Biwer C M ,cc56,c56,Bjoraker G L ,r635,ce97,p317
Biwer C M ,cc56,c56,Li Y ,r636,ce98,p318
Biwer C M ,cc56,c56,Oevermann M ,r637,ce98,p318
Biwer C M ,cc56,c56,Zhirnov V V ,r638,ce99,p319
Biwer C M ,cc56,c56,Billings W M ,r639,ce99,p319
Laspalas M ,cc57,c57,Liang J H ,r652,ce106,p326
Laspalas M ,cc57,c57,Murphy D ,r653,ce106,p326
Laspalas M ,cc57,c57,Baptista A ,r1274,ce271,p637
Laspalas M ,cc57,c57,Putney L G ,r1275,ce271,p637
Laspalas M ,cc57,c57,Francis B L ,r1768,ce397,p884
Laspalas M ,cc57,c57,Amin M N ,r1769,ce397,p884
Villa J M ,cc58,c58,Whiting T A ,r674,ce113,p337
Villa J M ,cc58,c58,Chau V ,r675,ce113,p337
Villa J M ,cc58,c58,Bates C O ,r1100,ce200,p550
Villa J M ,cc58,c58,Desai A ,r1101,ce200,p550
Villa J M ,cc58,c58,Wolfe D ,r1190,ce238,p595
Villa J M ,cc58,c58,Kim K M ,r1191,ce238,p595
Villa J M ,cc58,c58,Stevens K ,r1578,ce326,p789
Villa J M ,cc58,c58,Kind K ,r1579,ce326,p789
Villa J M ,cc58,c58,Liu M ,r1580,ce327,p790
Villa J M ,cc58,c58,Knighton B E ,r1581,ce327,p790
Villa J M ,cc58,c58,Janke D ,r1666,ce361,p833
Villa J M ,cc58,c58,Hansen B ,r1667,ce361,p833
Garcia E ,cc59,c59,Robinson K P ,r676,ce114,p338
Garcia E ,cc59,c59,Zhou G ,r677,ce114,p338
Zhang Y ,cc6,c6,Sen U ,r100,ce8,p50
Zhang Y ,cc6,c6,Godfrey P C ,r101,ce8,p50
Liu Y ,cc60,c60,Abaimov S ,r684,ce115,p342
Liu Y ,cc60,c60,York G E ,r685,ce115,p342
Schroedter T L ,cc61,c61,Lee J H ,r686,ce116,p343
Schroedter T L ,cc61,c61,Rougier E ,r687,ce116,p343
Watts-Englert J ,cc62,c62,Smith D ,r702,ce122,p351
Watts-Englert J ,cc62,c62,Larsen A ,r703,ce122,p351
Amini E ,cc63,c63,Ruoti S ,r712,ce126,p356
Amini E ,cc63,c63,Knight M M ,r713,ce126,p356
Yang Z ,cc64,c64,Sun D ,r736,ce130,p368
Yang Z ,cc64,c64,Lim H ,r737,ce130,p368
Roberts M ,cc65,c65,Guthrie W S ,r738,ce131,p369
Roberts M ,cc65,c65,Hurst W ,r739,ce131,p369
Snell Q ,cc66,c66,Zephirin T ,r740,ce132,p370
Snell Q ,cc66,c66,Broderick G ,r741,ce132,p370
Leslie Youd T ,cc67,c67,Adams D W ,r746,ce134,p373
Leslie Youd T ,cc67,c67,Chelton D ,r747,ce134,p373
Leslie Youd T ,cc67,c67,Perrinsy E ,r748,ce135,p374
Leslie Youd T ,cc67,c67,Brown N P ,r749,ce135,p374
Whiting T A ,cc68,c68,Frecker M I ,r782,ce141,p391
Whiting T A ,cc68,c68,Wright J G ,r783,ce141,p391
Whiting T A ,cc68,c68,Hooper K ,r790,ce144,p395
Whiting T A ,cc68,c68,Monteiro T ,r791,ce144,p395
Sun C ,cc69,c69,Calton M F ,r786,ce142,p393
Sun C ,cc69,c69,Soini A -J ,r787,ce142,p393
Ban H ,cc7,c7,Huang Z ,r116,ce10,p58
Ban H ,cc7,c7,Thurlow C A ,r117,ce10,p58
Ban H ,cc7,c7,Saquib M ,r1230,ce253,p615
Ban H ,cc7,c7,Wilcox E ,r1231,ce253,p615
Ban H ,cc7,c7,Jacobsen A J ,r1384,ce297,p692
Ban H ,cc7,c7,Young A ,r1385,ce297,p692
Ban H ,cc7,c7,Christofferson J P ,r1440,ce304,p720
Ban H ,cc7,c7,Terry J S ,r1441,ce304,p720
Park J -W ,cc70,c70,Fernelius M H ,r796,ce145,p398
Park J -W ,cc70,c70,Rahmati M ,r797,ce145,p398
Park J -W ,cc70,c70,Ruggieri M ,r798,ce146,p399
Park J -W ,cc70,c70,Day N ,r799,ce146,p399
Park J -W ,cc70,c70,Viswanathan H ,r800,ce147,p400
Park J -W ,cc70,c70,Yang Y ,r801,ce147,p400
Wikle J K ,cc71,c71,Jensen S ,r802,ce148,p401
Wikle J K ,cc71,c71,Wang H ,r803,ce148,p401
Wikle J K ,cc71,c71,Barrett B J ,r1668,ce362,p834
Wikle J K ,cc71,c71,Hogge J W ,r1669,ce362,p834
Orfila M ,cc72,c72,Hansen L ,r806,ce149,p403
Orfila M ,cc72,c72,Jadbabaie A ,r807,ce149,p403
Orfila M ,cc72,c72,Chatterjee S ,r1082,ce195,p541
Orfila M ,cc72,c72,Kelly J D ,r1083,ce195,p541
Ochsner S ,cc73,c73,Grishaev V ,r808,ce150,p404
Ochsner S ,cc73,c73,Dahlin E C ,r809,ce150,p404
Ochsner S ,cc73,c73,Mitschang P ,r810,ce151,p405
Ochsner S ,cc73,c73,Shah D ,r811,ce151,p405
Thurlow C A ,cc74,c74,Vermeltfoort A T ,r812,ce152,p406
Thurlow C A ,cc74,c74,Truscott T T ,r813,ce152,p406
Wood Chiang S -H ,cc75,c75,Smith R ,r854,ce153,p427
Wood Chiang S -H ,cc75,c75,Mueller T ,r855,ce153,p427
Salva K T ,cc76,c76,Migliaccio M ,r858,ce154,p429
Salva K T ,cc76,c76,Martin S R ,r859,ce154,p429
Perez L D ,cc77,c77,Brownlee B J ,r868,ce155,p434
Perez L D ,cc77,c77,Christensen W F ,r869,ce155,p434
Perez L D ,cc77,c77,Pehrson N A ,r870,ce156,p435
Perez L D ,cc77,c77,Capotondi F ,r871,ce156,p435
Perez L D ,cc77,c77,Bigler E D ,r872,ce157,p436
Perez L D ,cc77,c77,Choi G ,r873,ce157,p436
Longobardo A ,cc78,c78,Nikolov I ,r904,ce158,p452
Longobardo A ,cc78,c78,Peters K ,r905,ce158,p452
Longobardo A ,cc78,c78,McLain T W ,r906,ce159,p453
Longobardo A ,cc78,c78,Wingate B A ,r907,ce159,p453
Liu F C ,cc79,c79,Eves K ,r908,ce160,p454
Liu F C ,cc79,c79,Beyerlein I J ,r909,ce160,p454
Liu F C ,cc79,c79,Kovacevic A ,r910,ce161,p455
Liu F C ,cc79,c79,Tate D F ,r911,ce161,p455
Liu F C ,cc79,c79,Hogg H L ,r912,ce162,p456
Liu F C ,cc79,c79,Chen G ,r913,ce162,p456
Liu F C ,cc79,c79,Le K ,r914,ce163,p457
Liu F C ,cc79,c79,Thorum A ,r915,ce163,p457
Freeman I ,cc8,c8,Umer R ,r122,ce11,p61
Freeman I ,cc8,c8,Renouard J ,r123,ce11,p61
Kleinbaum S ,cc80,c80,Song R ,r916,ce164,p458
Kleinbaum S ,cc80,c80,Hong C -F ,r917,ce164,p458
Hansen L T ,cc81,c81,Starick T ,r928,ce169,p464
Hansen L T ,cc81,c81,Blonquist J ,r929,ce169,p464
Hansen L T ,cc81,c81,Roberts A K ,r930,ce170,p465
Hansen L T ,cc81,c81,Thomas Farrar J ,r931,ce170,p465
Loiseau J ,cc82,c82,Lytle J ,r942,ce173,p471
Loiseau J ,cc82,c82,Ngo K ,r943,ce173,p471
Lee J H ,cc83,c83,Luc-Harkey B A ,r990,ce186,p495
Lee J H ,cc83,c83,Li Y ,r991,ce186,p495
Roshi D A ,cc84,c84,Alcock C ,r994,ce187,p497
Roshi D A ,cc84,c84,Stubbs C J ,r995,ce187,p497
Clement M J ,cc85,c85,Lane S ,r1016,ce188,p508
Clement M J ,cc85,c85,Van Hoe B ,r1017,ce188,p508
Luk W ,cc86,c86,Rossi T ,r1018,ce189,p509
Luk W ,cc86,c86,Call M S ,r1019,ce189,p509
Hawkins L ,cc87,c87,Huang J -S ,r1058,ce190,p529
Hawkins L ,cc87,c87,Tryon J E ,r1059,ce190,p529
Quick L C ,cc88,c88,Nybø R ,r1060,ce191,p530
Quick L C ,cc88,c88,Smith J P ,r1061,ce191,p530
Quick L C ,cc88,c88,Smith J P ,r1062,ce192,p531
Quick L C ,cc88,c88,Beard R W ,r1063,ce192,p531
Paré P E ,cc89,c89,Blackshaw R E ,r1068,ce193,p534
Paré P E ,cc89,c89,Prince D ,r1069,ce193,p534
Paré P E ,cc89,c89,Plett G L ,r1530,ce321,p765
Paré P E ,cc89,c89,Grames C ,r1531,ce321,p765
Paré P E ,cc89,c89,Toomey R ,r1532,ce322,p766
Paré P E ,cc89,c89,Bécar N A ,r1533,ce322,p766
Forcade R W ,cc9,c9,Hargis B H ,r138,ce12,p69
Forcade R W ,cc9,c9,Ni R ,r139,ce12,p69
Kurtz D ,cc90,c90,Mehmood R ,r1076,ce194,p538
Kurtz D ,cc90,c90,Tueller J A ,r1077,ce194,p538
Schaumann L ,cc91,c91,Plotnick L ,r1084,ce196,p542
Schaumann L ,cc91,c91,Monaco P ,r1085,ce196,p542
Schaumann L ,cc91,c91,Chambers C ,r1086,ce197,p543
Schaumann L ,cc91,c91,Teramoto S ,r1087,ce197,p543
Schaumann L ,cc91,c91,Berg D C ,r1088,ce198,p544
Schaumann L ,cc91,c91,Coffman R A ,r1089,ce198,p544
Cope M ,cc92,c92,Palomba E ,r1098,ce199,p549
Cope M ,cc92,c92,Jorgensen J J ,r1099,ce199,p549
Cope M ,cc92,c92,Remillieux M C ,r1186,ce236,p593
Cope M ,cc92,c92,Knight C J ,r1187,ce236,p593
Cope M ,cc92,c92,Momtahan N ,r1278,ce272,p639
Cope M ,cc92,c92,May D ,r1279,ce272,p639
Hicks D ,cc93,c93,Thompson P M ,r1102,ce201,p551
Hicks D ,cc93,c93,Whitehead N ,r1103,ce201,p551
Hicks D ,cc93,c93,Wang H ,r1192,ce239,p596
Hicks D ,cc93,c93,Wynn J S ,r1193,ce239,p596
Manning A D ,cc94,c94,Martineau A ,r1104,ce202,p552
Manning A D ,cc94,c94,Buck D ,r1105,ce202,p552
Robinson W ,cc95,c95,Reimschiissel B ,r1106,ce203,p553
Robinson W ,cc95,c95,Jagadeesh C ,r1107,ce203,p553
Robinson W ,cc95,c95,Schnepf P D ,r1108,ce204,p554
Robinson W ,cc95,c95,Smith R ,r1109,ce204,p554
Robinson W ,cc95,c95,Vogel S C ,r1254,ce263,p627
Robinson W ,cc95,c95,Perez L D ,r1255,ce263,p627
Huffaker R ,cc96,c96,Stott M A ,r1110,ce205,p555
Huffaker R ,cc96,c96,Almeida N V ,r1111,ce205,p555
Huffaker R ,cc96,c96,He J ,r1194,ce240,p597
Huffaker R ,cc96,c96,Young A ,r1195,ce240,p597
Shoemaker G ,cc97,c97,Barber J L ,r1114,ce206,p557
Shoemaker G ,cc97,c97,Horak P ,r1115,ce206,p557
Pastusek P ,cc98,c98,Akagi J ,r1116,ce207,p558
Pastusek P ,cc98,c98,Jensen R R ,r1117,ce207,p558
Sowards J B ,cc99,c99,Bateman T C ,r1118,ce208,p559
Sowards J B ,cc99,c99,Butler B W ,r1119,ce208,p559
