editor,idJE,idJ,reviewer,idR,idJV,idP
Stringer B J ,je0,j0,Laughlin K ,r4,jv0,p2
Stringer B J ,je0,j0,Hunt J ,r5,jv0,p2
Stringer B J ,je0,j0,Stambaugh A ,r830,jv225,p415
Stringer B J ,je0,j0,Raikes A C ,r831,jv225,p415
Stringer B J ,je0,j0,Pietrosimone B ,r954,jv225,p477
Stringer B J ,je0,j0,Copeland C G ,r955,jv225,p477
Stringer B J ,je0,j0,Chen G ,r1566,jv387,p783
Stringer B J ,je0,j0,Heath Ogden T ,r1567,jv387,p783
Ban H ,je1,j1,Avila A ,r6,jv1,p3
Ban H ,je1,j1,Oesterle B ,r7,jv1,p3
Ban H ,je1,j1,Nittala S ,r1392,jv339,p696
Ban H ,je1,j1,Cunningham A ,r1393,jv339,p696
Ban H ,je1,j1,Takeuchi I ,r1400,jv339,p700
Ban H ,je1,j1,Leary H ,r1401,jv339,p700
Astitha M ,je10,j10,Woodbury N ,r24,jv10,p12
Astitha M ,je10,j10,Liarte D B ,r25,jv10,p12
Astitha M ,je10,j10,Freedman D ,r120,jv10,p60
Astitha M ,je10,j10,Harris R ,r121,jv10,p60
Astitha M ,je10,j10,Pettingill D ,r508,jv166,p254
Astitha M ,je10,j10,Bush D B ,r509,jv166,p254
Srinivasan G ,je100,j100,York G E ,r358,jv121,p179
Srinivasan G ,je100,j100,Boettcher E ,r359,jv121,p179
Srinivasan G ,je100,j100,Kvavle J ,r602,jv121,p301
Srinivasan G ,je100,j100,Shumway D ,r603,jv121,p301
Srinivasan G ,je100,j100,Welling A G ,r874,jv242,p437
Srinivasan G ,je100,j100,Baumgarten T E ,r875,jv242,p437
Srinivasan G ,je100,j100,Leary H ,r1142,jv242,p571
Srinivasan G ,je100,j100,McCracken S L ,r1143,jv242,p571
Srinivasan G ,je100,j100,Woolsey C A ,r1410,jv346,p705
Srinivasan G ,je100,j100,Wilcox E ,r1411,jv346,p705
Srinivasan G ,je100,j100,Weaver B P ,r1480,jv346,p740
Srinivasan G ,je100,j100,León C ,r1481,jv346,p740
Srinivasan G ,je100,j100,Transtrum M K ,r1564,jv346,p782
Srinivasan G ,je100,j100,Miao X ,r1565,jv346,p782
Guo C ,je101,j101,Van Amelsvoort T ,r360,jv122,p180
Guo C ,je101,j101,Schoell R ,r361,jv122,p180
Guo C ,je101,j101,Kim C ,r1080,jv299,p540
Guo C ,je101,j101,Endruweit A ,r1081,jv299,p540
Guo C ,je101,j101,Chen G ,r1716,jv401,p858
Guo C ,je101,j101,Franke T K ,r1717,jv401,p858
Alejandro A ,je102,j102,Ross N L ,r372,jv127,p186
Alejandro A ,je102,j102,Freedman D ,r373,jv127,p186
Banik J A ,je103,j103,Mahmood A ,r374,jv128,p187
Banik J A ,je103,j103,Rossi T ,r375,jv128,p187
Banik J A ,je103,j103,Ridge S T ,r1092,jv300,p546
Banik J A ,je103,j103,Clayburn Z ,r1093,jv300,p546
Banik J A ,je103,j103,Seat M L ,r1520,jv370,p760
Banik J A ,je103,j103,Butler M ,r1521,jv370,p760
Banik J A ,je103,j103,Roman H R ,r1556,jv385,p778
Banik J A ,je103,j103,Goodrich-Hunsaker N J ,r1557,jv385,p778
Barton T J ,je104,j104,Morgan W S ,r376,jv129,p188
Barton T J ,je104,j104,Guo Z ,r377,jv129,p188
Cook M R ,je105,j105,Oettle N K ,r388,jv131,p194
Cook M R ,je105,j105,Sims G ,r389,jv131,p194
Cook M R ,je105,j105,Richards D ,r1378,jv335,p689
Cook M R ,je105,j105,Pigg A C ,r1379,jv335,p689
Saftner D A ,je106,j106,Russell D N ,r396,jv132,p198
Saftner D A ,je106,j106,Sherrod V ,r397,jv132,p198
Saftner D A ,je106,j106,Scheibel R S ,r1008,jv275,p504
Saftner D A ,je106,j106,Chou Y ,r1009,jv275,p504
Chu H ,je107,j107,Kumar A ,r398,jv133,p199
Chu H ,je107,j107,Conci N ,r399,jv133,p199
Chu H ,je107,j107,Baker W H ,r998,jv270,p499
Chu H ,je107,j107,Blackshaw R E ,r999,jv270,p499
Snell Q ,je108,j108,Snow D ,r400,jv134,p200
Snell Q ,je108,j108,Peterson C K ,r401,jv134,p200
Snell Q ,je108,j108,Sutton M ,r436,jv134,p218
Snell Q ,je108,j108,Shen T -C ,r437,jv134,p218
Snell Q ,je108,j108,Kendrick B ,r438,jv134,p219
Snell Q ,je108,j108,Xue M ,r439,jv134,p219
Seaman C H ,je109,j109,Lunt B M ,r402,jv135,p201
Seaman C H ,je109,j109,Price J L ,r403,jv135,p201
Willis J ,je11,j11,Frandsen D ,r28,jv12,p14
Willis J ,je11,j11,Davis R C ,r29,jv12,p14
Willis J ,je11,j11,Forcade R W ,r414,jv140,p207
Willis J ,je11,j11,Fronk C A ,r415,jv140,p207
Willis J ,je11,j11,Stambaugh A ,r446,jv146,p223
Willis J ,je11,j11,Rossi T ,r447,jv146,p223
Willis J ,je11,j11,Mo J ,r992,jv268,p496
Willis J ,je11,j11,Jung J M ,r993,jv268,p496
Willis J ,je11,j11,Hansen N ,r1030,jv284,p515
Willis J ,je11,j11,Oh S K ,r1031,jv284,p515
Willis J ,je11,j11,Brueseke M ,r1354,jv328,p677
Willis J ,je11,j11,Sacchi C ,r1355,jv328,p677
Willis J ,je11,j11,Farnham T L ,r1490,jv360,p745
Willis J ,je11,j11,Wang Y ,r1491,jv360,p745
Willis J ,je11,j11,Jones K N ,r104,jv41,p52
Willis J ,je11,j11,Peters K ,r105,jv41,p52
Willis J ,je11,j11,Olsen C R ,r282,jv99,p141
Willis J ,je11,j11,Cope M ,r283,jv99,p141
Stevenson P D ,je110,j110,Liarte D B ,r410,jv138,p205
Stevenson P D ,je110,j110,Pendlebury J ,r411,jv138,p205
Barter M ,je111,j111,McCown A S ,r412,jv139,p206
Barter M ,je111,j111,Broomfield J ,r413,jv139,p206
Barter M ,je111,j111,Swift G ,r834,jv227,p417
Barter M ,je111,j111,Chiang S -H W ,r835,jv227,p417
Barter M ,je111,j111,Schulzke C ,r1276,jv227,p638
Barter M ,je111,j111,Quick L C ,r1277,jv227,p638
Lebedev O V ,je112,j112,Adidharma H ,r420,jv142,p210
Lebedev O V ,je112,j112,Lund J ,r421,jv142,p210
Lebedev O V ,je112,j112,Gee K L ,r1010,jv276,p505
Lebedev O V ,je112,j112,Troy Blackburn J ,r1011,jv276,p505
Hanson R ,je113,j113,Broyles Z ,r422,jv143,p211
Hanson R ,je113,j113,Pederson J ,r423,jv143,p211
Nowell M W ,je114,j114,Renouard J ,r424,jv144,p212
Nowell M W ,je114,j114,Freeman I ,r425,jv144,p212
Holloway C L ,je115,j115,Zaremba S ,r444,jv145,p222
Holloway C L ,je115,j115,Powell K ,r445,jv145,p222
Holloway C L ,je115,j115,Christensen C ,r1344,jv324,p672
Holloway C L ,je115,j115,Krutka D G ,r1345,jv324,p672
Santos-Villalobos H ,je116,j116,Russell D N ,r448,jv147,p224
Santos-Villalobos H ,je116,j116,Wang N ,r449,jv147,p224
Santos-Villalobos H ,je116,j116,Exter M ,r1536,jv375,p768
Santos-Villalobos H ,je116,j116,Shayer Z ,r1537,jv375,p768
Weber K S ,je117,j117,Jensen B ,r454,jv149,p227
Weber K S ,je117,j117,Xue M ,r455,jv149,p227
Levy O ,je118,j118,Lin C -S ,r458,jv151,p229
Levy O ,je118,j118,Weaver J M ,r459,jv151,p229
Levy O ,je118,j118,Orme A D ,r1568,jv388,p784
Levy O ,je118,j118,Stanković A M ,r1569,jv388,p784
Mazrouei S ,je119,j119,Machanzi T ,r460,jv152,p230
Mazrouei S ,je119,j119,Michael Bove V ,r461,jv152,p230
Datta B ,je12,j12,Sachdev A ,r30,jv13,p15
Datta B ,je12,j12,Lay K ,r31,jv13,p15
Adams M R ,je120,j120,Hutchings N ,r462,jv153,p231
Adams M R ,je120,j120,Katz A ,r463,jv153,p231
Louis-Kayen G P ,je121,j121,Maccarty N A ,r468,jv154,p234
Louis-Kayen G P ,je121,j121,Chetty V ,r469,jv154,p234
Huffaker R ,je122,j122,Lang R J ,r472,jv155,p236
Huffaker R ,je122,j122,Kim J -R ,r473,jv155,p236
Huffaker R ,je122,j122,Dashti S ,r500,jv155,p250
Huffaker R ,je122,j122,Curtarolo S ,r501,jv155,p250
Huffaker R ,je122,j122,Willmore D ,r1402,jv343,p701
Huffaker R ,je122,j122,Nybø R ,r1403,jv343,p701
Monteiro T ,je123,j123,Baptista A ,r474,jv156,p237
Monteiro T ,je123,j123,Hardersen P S ,r475,jv156,p237
Allen J T ,je124,j124,Pedersoli E ,r476,jv157,p238
Allen J T ,je124,j124,Jackson B ,r477,jv157,p238
Allen J T ,je124,j124,Hedges D M ,r1200,jv307,p600
Allen J T ,je124,j124,Bybee S M ,r1201,jv307,p600
Xue M ,je125,j125,Jin M ,r484,jv158,p242
Xue M ,je125,j125,Franke K ,r485,jv158,p242
Wanik D ,je126,j126,Steven Turley R ,r490,jv160,p245
Wanik D ,je126,j126,Trebino R ,r491,jv160,p245
Payette G ,je127,j127,Lawrence P B ,r492,jv161,p246
Payette G ,je127,j127,Pettingill D ,r493,jv161,p246
Payette G ,je127,j127,Middendorf P ,r824,jv222,p412
Payette G ,je127,j127,Astitha M ,r825,jv222,p412
Payette G ,je127,j127,Twitchell A ,r886,jv222,p443
Payette G ,je127,j127,Howarth J ,r887,jv222,p443
Payette G ,je127,j127,Rollins K M ,r1048,jv222,p524
Payette G ,je127,j127,Beard J D ,r1049,jv222,p524
Payette G ,je127,j127,Horne R R ,r1524,jv371,p762
Payette G ,je127,j127,El-Essawi M ,r1525,jv371,p762
Colton M B ,je128,j128,Roberts M W ,r494,jv162,p247
Colton M B ,je128,j128,Rogers W ,r495,jv162,p247
Chowdhury S ,je129,j129,Wong R ,r496,jv163,p248
Chowdhury S ,je129,j129,Khajah T ,r497,jv163,p248
Lopes C V ,je13,j13,Bunker D ,r32,jv14,p16
Lopes C V ,je13,j13,Fish D ,r33,jv14,p16
Lopes C V ,je13,j13,Warnick G M ,r516,jv169,p258
Lopes C V ,je13,j13,Ahn E -Y ,r517,jv169,p258
Schledjewski R ,je130,j130,Emanuel B ,r502,jv164,p251
Schledjewski R ,je130,j130,Warr R ,r503,jv164,p251
Schledjewski R ,je130,j130,Laney J ,r526,jv164,p263
Schledjewski R ,je130,j130,Simons T ,r527,jv164,p263
Roy S ,je131,j131,Johnson J A ,r504,jv165,p252
Roy S ,je131,j131,Roman H R ,r505,jv165,p252
Roy S ,je131,j131,Yang Y ,r1144,jv303,p572
Roy S ,je131,j131,Bahari M ,r1145,jv303,p572
Roy S ,je131,j131,Vernon C A ,r1146,jv303,p573
Roy S ,je131,j131,Zhu Y ,r1147,jv303,p573
Hanson R ,je132,j132,Chou Y ,r510,jv167,p255
Hanson R ,je132,j132,Stanković A M ,r511,jv167,p255
Hanson R ,je132,j132,Sowards J B ,r1550,jv382,p775
Hanson R ,je132,j132,Du X ,r1551,jv382,p775
Lovett B ,je133,j133,Woolsey C A ,r514,jv168,p257
Lovett B ,je133,j133,Bohn R E ,r515,jv168,p257
Meena G G ,je134,j134,Penner J F ,r522,jv171,p261
Meena G G ,je134,j134,Jenkins D ,r523,jv171,p261
Meena G G ,je134,j134,Ermanni P ,r1028,jv283,p514
Meena G G ,je134,j134,Wang C -M ,r1029,jv283,p514
Watts-Englert J ,je135,j135,Shumway S B ,r528,jv173,p264
Watts-Englert J ,je135,j135,Simon A A ,r529,jv173,p264
Johnson H ,je136,j136,Kelly J D ,r532,jv175,p266
Johnson H ,je136,j136,Pietrosimone B ,r533,jv175,p266
Cardall H ,je137,j137,Shaikh M T ,r538,jv176,p269
Cardall H ,je137,j137,Kunzler J W ,r539,jv176,p269
Cardall H ,je137,j137,Stringham B J ,r1020,jv279,p510
Cardall H ,je137,j137,Pipes R B ,r1021,jv279,p510
Johnson B I ,je138,j138,Ziegmann G ,r540,jv177,p270
Johnson B I ,je138,j138,Vanfleet R ,r541,jv177,p270
Willis J ,je139,j139,Kinnison W ,r544,jv179,p272
Willis J ,je139,j139,Rosen J ,r545,jv179,p272
Prinz G S ,je14,j14,Tolman K A ,r34,jv15,p17
Prinz G S ,je14,j14,Schledjewski R ,r35,jv15,p17
Naylor T A ,je140,j140,Paillou P ,r548,jv180,p274
Naylor T A ,je140,j140,Le K ,r549,jv180,p274
Stanković A M ,je141,j141,Zumbrun K ,r554,jv182,p277
Stanković A M ,je141,j141,Allred D D ,r555,jv182,p277
Stanković A M ,je141,j141,Smith S P ,r996,jv269,p498
Stanković A M ,je141,j141,Hube M A ,r997,jv269,p498
Stanković A M ,je141,j141,Baliyarasimhuni S P ,r1352,jv327,p676
Stanković A M ,je141,j141,Coleman S ,r1353,jv327,p676
Scott D R ,je142,j142,Holtom J ,r564,jv184,p282
Scott D R ,je142,j142,Nielsen J ,r565,jv184,p282
Scott M A ,je143,j143,Holloway C L ,r566,jv185,p283
Scott M A ,je143,j143,Jaramillo C A ,r567,jv185,p283
Smith S P ,je144,j144,Csányi G ,r570,jv186,p285
Smith S P ,je144,j144,Chatterjee S ,r571,jv186,p285
Blonquist J ,je145,j145,Manring L ,r580,jv187,p290
Blonquist J ,je145,j145,Chalfant T ,r581,jv187,p290
Shayegan J ,je146,j146,Rombach I ,r614,jv188,p307
Shayegan J ,je146,j146,Seymour K ,r615,jv188,p307
Howell B ,je147,j147,Wilson J P ,r654,jv189,p327
Howell B ,je147,j147,Viswanathan H ,r655,jv189,p327
Paillou P ,je148,j148,Gur R E ,r658,jv191,p329
Paillou P ,je148,j148,Frediani M E B ,r659,jv191,p329
Rice M ,je149,j149,Petersen S L ,r660,jv192,p330
Rice M ,je149,j149,Mosavi H ,r661,jv192,p330
Stevens K ,je15,j15,Glaab L J ,r36,jv16,p18
Stevens K ,je15,j15,Hughes A ,r37,jv16,p18
Stevens K ,je15,j15,Brown T ,r1298,jv313,p649
Stevens K ,je15,j15,Holden J ,r1299,jv313,p649
Ende J J ,je150,j150,Brown J ,r678,jv193,p339
Ende J J ,je150,j150,List M G ,r679,jv193,p339
Ende J J ,je150,j150,Bai R ,r742,jv193,p371
Ende J J ,je150,j150,Oettle N K ,r743,jv193,p371
Efimov A ,je151,j151,Hales Swift S ,r682,jv194,p341
Efimov A ,je151,j151,Allen J D ,r683,jv194,p341
Chen L ,je152,j152,Wham B ,r700,jv196,p350
Chen L ,je152,j152,Schledjewski R ,r701,jv196,p350
Chen L ,je152,j152,Tilahun L E ,r848,jv234,p424
Chen L ,je152,j152,Rossiter J A ,r849,jv234,p424
Tolman S S ,je153,j153,Pevey K C ,r710,jv197,p355
Tolman S S ,je153,j153,Marchese M ,r711,jv197,p355
Shutt T ,je154,j154,Bertels C ,r714,jv198,p357
Shutt T ,je154,j154,Andrews D W ,r715,jv198,p357
Rodríguez E ,je155,j155,Protopapa S ,r716,jv199,p358
Rodríguez E ,je155,j155,Mosavi H ,r717,jv199,p358
Johnson C ,je156,j156,Thorum A ,r718,jv200,p359
Johnson C ,je156,j156,Hodges G T ,r719,jv200,p359
Johnson C ,je156,j156,Greenburg M J ,r950,jv262,p475
Johnson C ,je156,j156,Nir T ,r951,jv262,p475
Johnson C ,je156,j156,Wheeler D R ,r1044,jv262,p522
Johnson C ,je156,j156,Schmidt H ,r1045,jv262,p522
Guo C ,je157,j157,Stuber Geesey M A ,r726,jv203,p363
Guo C ,je157,j157,Mercer E ,r727,jv203,p363
Robles V D ,je158,j158,Derricott J ,r752,jv205,p376
Robles V D ,je158,j158,Thurlow C A ,r753,jv205,p376
Thomas D C ,je159,j159,Woodfield B F ,r754,jv206,p377
Thomas D C ,je159,j159,Mazzeo B A ,r755,jv206,p377
De Berker H ,je16,j16,Wingate B A ,r38,jv17,p19
De Berker H ,je16,j16,Munro T ,r39,jv17,p19
De Berker H ,je16,j16,Jones K N ,r112,jv17,p56
De Berker H ,je16,j16,Mahmood A ,r113,jv17,p56
De Berker H ,je16,j16,Loaiza J ,r1012,jv277,p506
De Berker H ,je16,j16,Hansen K R ,r1013,jv277,p506
De Berker H ,je16,j16,Jackson B ,r1492,jv361,p746
De Berker H ,je16,j16,Mehr J ,r1493,jv361,p746
De Berker H ,je16,j16,Wheeler D R ,r1508,jv361,p754
De Berker H ,je16,j16,McLain T W ,r1509,jv361,p754
De Berker H ,je16,j16,Woodfield B F ,r1512,jv361,p756
De Berker H ,je16,j16,Sgobba T ,r1513,jv361,p756
Liu M ,je160,j160,Black K M ,r758,jv207,p379
Liu M ,je160,j160,Elmqvist N ,r759,jv207,p379
Liu M ,je160,j160,Perrinsy E ,r1506,jv367,p753
Liu M ,je160,j160,Fernandez D ,r1507,jv367,p753
Safdarnejad S M ,je161,j161,Horak P ,r764,jv208,p382
Safdarnejad S M ,je161,j161,McLeod A R ,r765,jv208,p382
Walton M P ,je162,j162,Sen U ,r766,jv209,p383
Walton M P ,je162,j162,Smith S P ,r767,jv209,p383
Puleo C ,je163,j163,Long D G ,r768,jv210,p384
Puleo C ,je163,j163,Linford M R ,r769,jv210,p384
Comer D J ,je164,j164,Kale V ,r774,jv211,p387
Comer D J ,je164,j164,Hogstrom C ,r775,jv211,p387
Durdle C A ,je165,j165,Anderson S ,r778,jv212,p389
Durdle C A ,je165,j165,Robinson D R ,r779,jv212,p389
Ventura D ,je166,j166,O’Toole N ,r780,jv213,p390
Ventura D ,je166,j166,Campbell A ,r781,jv213,p390
Ventura D ,je166,j166,Gasem K ,r892,jv250,p446
Ventura D ,je166,j166,Canizales K A ,r893,jv250,p446
Hess B C ,je167,j167,Aslani P ,r792,jv214,p396
Hess B C ,je167,j167,Okeson T J ,r793,jv214,p396
Hess B C ,je167,j167,Sandberg R ,r1744,jv404,p872
Hess B C ,je167,j167,Fremont W ,r1745,jv404,p872
Hess B C ,je167,j167,Desrochers C ,r1746,jv405,p873
Hess B C ,je167,j167,Gasem K ,r1747,jv405,p873
Hess B C ,je167,j167,Guldiken R ,r1770,jv411,p885
Hess B C ,je167,j167,Sloan C ,r1771,jv411,p885
Hess B C ,je167,j167,Canizales K A ,r1774,jv412,p887
Hess B C ,je167,j167,Palomba E ,r1775,jv412,p887
Boekweg E ,je168,j168,Day R D ,r794,jv215,p397
Boekweg E ,je168,j168,Carter V ,r795,jv215,p397
Bangerter N ,je169,j169,Stubbs C J ,r804,jv216,p402
Bangerter N ,je169,j169,Orfila M ,r805,jv216,p402
Bodily D M ,je17,j17,Cosner R ,r46,jv19,p23
Bodily D M ,je17,j17,Gladstone R ,r47,jv19,p23
Gagakuma E ,je170,j170,Hosemann P ,r814,jv217,p407
Gagakuma E ,je170,j170,Abut F ,r815,jv217,p407
Gagakuma E ,je170,j170,Franca F ,r1072,jv217,p536
Gagakuma E ,je170,j170,Allender E J ,r1073,jv217,p536
Gagakuma E ,je170,j170,Blonquist J ,r1386,jv337,p693
Gagakuma E ,je170,j170,Huang C ,r1387,jv337,p693
Gardiner C ,je171,j171,Jensen S ,r818,jv219,p409
Gardiner C ,je171,j171,Ranasinghe D R ,r819,jv219,p409
Rendon G T ,je172,j172,Clinton R ,r822,jv221,p411
Rendon G T ,je172,j172,Dryer Z ,r823,jv221,p411
Haskell M ,je173,j173,Gabriel Richardson J ,r826,jv223,p413
Haskell M ,je173,j173,Monson T ,r827,jv223,p413
Lofthouse V ,je174,j174,Velez C ,r836,jv228,p418
Lofthouse V ,je174,j174,Chelladurai I ,r837,jv228,p418
Lofthouse V ,je174,j174,Ziegmann G ,r934,jv228,p467
Lofthouse V ,je174,j174,Gammer B ,r935,jv228,p467
Piktel E ,je175,j175,Wynn J S ,r842,jv231,p421
Piktel E ,je175,j175,Bertrand R ,r843,jv231,p421
Khoshniat A ,je176,j176,Bunnell S ,r846,jv233,p423
Khoshniat A ,je176,j176,Holloway C L ,r847,jv233,p423
Shu W ,je177,j177,Santos-Villalobos H ,r850,jv235,p425
Shu W ,je177,j177,Guo Z ,r851,jv235,p425
Vance A ,je178,j178,McCown A S ,r852,jv236,p426
Vance A ,je178,j178,Brown N ,r853,jv236,p426
Vance A ,je178,j178,Ding S ,r1450,jv354,p725
Vance A ,je178,j178,Allen D ,r1451,jv354,p725
Seaman C H ,je179,j179,Bodily D M ,r860,jv238,p430
Seaman C H ,je179,j179,Johnson C L ,r861,jv238,p430
Archibald J L ,je18,j18,Whitehead J P ,r318,jv111,p159
Archibald J L ,je18,j18,Mavrogordato M N ,r319,jv111,p159
Archibald J L ,je18,j18,Mishra R S ,r498,jv111,p249
Archibald J L ,je18,j18,Wright L ,r499,jv111,p249
Archibald J L ,je18,j18,Yuan J ,r50,jv20,p25
Archibald J L ,je18,j18,Zumbrun K ,r51,jv20,p25
Archibald J L ,je18,j18,Hogstrom C ,r76,jv20,p38
Archibald J L ,je18,j18,Xue M ,r77,jv20,p38
Archibald J L ,je18,j18,Bekker B ,r170,jv20,p85
Archibald J L ,je18,j18,Thacker K S ,r171,jv20,p85
Archibald J L ,je18,j18,Wang H ,r1422,jv350,p711
Archibald J L ,je18,j18,Chang D K ,r1423,jv350,p711
Archibald J L ,je18,j18,Knobles D P ,r1424,jv350,p712
Archibald J L ,je18,j18,Song R ,r1425,jv350,p712
Archibald J L ,je18,j18,Power R ,r1562,jv350,p781
Archibald J L ,je18,j18,Kinnison W ,r1563,jv350,p781
Oettle N K ,je180,j180,Pears A N ,r864,jv240,p432
Oettle N K ,je180,j180,Wu F ,r865,jv240,p432
Oettle N K ,je180,j180,Holt E A ,r1478,jv356,p739
Oettle N K ,je180,j180,James M M ,r1479,jv356,p739
McCall A J ,je181,j181,Ayoubi P ,r866,jv241,p433
McCall A J ,je181,j181,Elston E ,r867,jv241,p433
McCall A J ,je181,j181,Childs C ,r1500,jv364,p750
McCall A J ,je181,j181,Wood R L ,r1501,jv364,p750
Yuan Y ,je182,j182,Qu Y ,r876,jv243,p438
Yuan Y ,je182,j182,Francis B L ,r877,jv243,p438
Yuan Y ,je182,j182,Lyman C A ,r1368,jv330,p684
Yuan Y ,je182,j182,Davis A ,r1369,jv330,p684
Oh S K ,je183,j183,Wood Chiang S -H ,r878,jv244,p439
Oh S K ,je183,j183,Irvin J J ,r879,jv244,p439
Santos V J ,je184,j184,Lewis R S ,r882,jv246,p441
Santos V J ,je184,j184,Alejandro A ,r883,jv246,p441
Lazarz J ,je185,j185,Dromey C ,r884,jv247,p442
Lazarz J ,je185,j185,Laspalas M ,r885,jv247,p442
Du Y ,je186,j186,Chen X ,r888,jv248,p444
Du Y ,je186,j186,Jones S H ,r889,jv248,p444
Perkovic-Martin D ,je187,j187,Mincigrucci R ,r894,jv251,p447
Perkovic-Martin D ,je187,j187,Ashe J ,r895,jv251,p447
Hatch N W ,je188,j188,Haut T ,r898,jv253,p449
Hatch N W ,je188,j188,Enos D G ,r899,jv253,p449
Dodson B ,je189,j189,Willett S G ,r902,jv255,p451
Dodson B ,je189,j189,Zephirin T ,r903,jv255,p451
Xu Y ,je19,j19,Gautam A ,r52,jv21,p26
Xu Y ,je19,j19,Olsen C R ,r53,jv21,p26
Xu Y ,je19,j19,Sherrod V ,r202,jv75,p101
Xu Y ,je19,j19,Aktas A ,r203,jv75,p101
Campbell B J ,je190,j190,Murphy D ,r918,jv256,p459
Campbell B J ,je190,j190,Troy Blackburn J ,r919,jv256,p459
Campbell B J ,je190,j190,Nybø R ,r1498,jv363,p749
Campbell B J ,je190,j190,Lunine J ,r1499,jv363,p749
Malmberg M A ,je191,j191,Ni Q ,r932,jv257,p466
Malmberg M A ,je191,j191,Willett S G ,r933,jv257,p466
Shumway L ,je192,j192,Makhmalbaf A ,r944,jv259,p472
Shumway L ,je192,j192,Calderon J R ,r945,jv259,p472
Yekan T ,je193,j193,Pigg A C ,r946,jv260,p473
Yekan T ,je193,j193,Wang H ,r947,jv260,p473
Murphy D ,je194,j194,Clark M R ,r948,jv261,p474
Murphy D ,je194,j194,Matsubara E ,r949,jv261,p474
Parish W ,je195,j195,Martens D R W ,r956,jv264,p478
Parish W ,je195,j195,Smith A K ,r957,jv264,p478
York G E ,je196,j196,Rice M ,r960,jv266,p480
York G E ,je196,j196,Megaridis C M ,r961,jv266,p480
Drennon A M ,je197,j197,Hasler E ,r988,jv267,p494
Drennon A M ,je197,j197,Kao C -W ,r989,jv267,p494
Perrenoud A ,je198,j198,Cook M R ,r1004,jv273,p502
Perrenoud A ,je198,j198,Bodily D M ,r1005,jv273,p502
Petersen M ,je199,j199,Patrick B ,r1014,jv278,p507
Petersen M ,je199,j199,Baird S ,r1015,jv278,p507
Pehrson N A ,je2,j2,Reese C S ,r8,jv2,p4
Pehrson N A ,je2,j2,Grimsman D ,r9,jv2,p4
Rowley R L ,je20,j20,Stuber Geesey M A ,r54,jv22,p27
Rowley R L ,je20,j20,Fagergren F ,r55,jv22,p27
Maxfield J H ,je200,j200,Wagstaff K B ,r1022,jv280,p511
Maxfield J H ,je200,j200,Knezevic M ,r1023,jv280,p511
Senic D ,je201,j201,McDonald J K ,r1024,jv281,p512
Senic D ,je201,j201,Redd B ,r1025,jv281,p512
Wood Chiang S -H ,je202,j202,Porter D ,r1026,jv282,p513
Wood Chiang S -H ,je202,j202,Gudbrandsen M ,r1027,jv282,p513
Xu B ,je203,j203,Hart G ,r1032,jv285,p516
Xu B ,je203,j203,Craig M ,r1033,jv285,p516
Zhao D ,je204,j204,Talbot M ,r1036,jv287,p518
Zhao D ,je204,j204,Ruzindana M ,r1037,jv287,p518
Zhao D ,je204,j204,Chen G ,r1326,jv318,p663
Zhao D ,je204,j204,Scott E ,r1327,jv318,p663
Cannon S ,je205,j205,Park J L ,r1038,jv288,p519
Cannon S ,je205,j205,Middendorf P ,r1039,jv288,p519
Collins D H ,je206,j206,Samuelson C R ,r1052,jv291,p526
Collins D H ,je206,j206,Moss C D ,r1053,jv291,p526
El Asmar M ,je207,j207,Pederson J ,r1054,jv292,p527
El Asmar M ,je207,j207,Mahmood A ,r1055,jv292,p527
Stanley A P J ,je208,j208,Anderson M ,r1064,jv294,p532
Stanley A P J ,je208,j208,Trilling D E ,r1065,jv294,p532
Lu W ,je209,j209,Smith A ,r1066,jv295,p533
Lu W ,je209,j209,Youd T L ,r1067,jv295,p533
Nelson T ,je21,j21,Hadi Nazari S ,r378,jv130,p189
Nelson T ,je21,j21,Fry A ,r379,jv130,p189
Nelson T ,je21,j21,Twitchell A ,r56,jv23,p28
Nelson T ,je21,j21,Olsen C R ,r57,jv23,p28
Moore B A ,je210,j210,Chamberlin R ,r1070,jv296,p535
Moore B A ,je210,j210,Bekker B ,r1071,jv296,p535
Moore B A ,je210,j210,Codling J R ,r1342,jv296,p671
Moore B A ,je210,j210,Bean M ,r1343,jv296,p671
Hershman R ,je211,j211,Wilson J P ,r1074,jv297,p537
Hershman R ,je211,j211,Jensen S ,r1075,jv297,p537
Qian Z ,je212,j212,Irvin J J ,r1078,jv298,p539
Qian Z ,je212,j212,Perez-Celis A ,r1079,jv298,p539
Briggs F ,je213,j213,Warr R ,r1136,jv302,p568
Briggs F ,je213,j213,Han H N ,r1137,jv302,p568
Williams J L ,je214,j214,Le K ,r1178,jv305,p589
Williams J L ,je214,j214,Hogg S M ,r1179,jv305,p589
Sisodia S M ,je215,j215,Baker N F ,r1206,jv308,p603
Sisodia S M ,je215,j215,Zacheu G ,r1207,jv308,p603
Sisodia S M ,je215,j215,Louis-Kayen N M ,r1210,jv309,p605
Sisodia S M ,je215,j215,Rossi T ,r1211,jv309,p605
Sisodia S M ,je215,j215,Ochsner S ,r1234,jv309,p617
Sisodia S M ,je215,j215,Black K M ,r1235,jv309,p617
Sisodia S M ,je215,j215,Pigg A C ,r1272,jv309,p636
Sisodia S M ,je215,j215,Wanik D ,r1273,jv309,p636
Ekstrom L T ,je216,j216,Allen T D ,r1240,jv310,p620
Ekstrom L T ,je216,j216,Sadler J E ,r1241,jv310,p620
Mishra R S ,je217,j217,Baxter L L ,r1312,jv315,p656
Mishra R S ,je217,j217,Schwicht D E W ,r1313,jv315,p656
Mathis T ,je218,j218,Vanfleet R ,r1314,jv316,p657
Mathis T ,je218,j218,Dallon E ,r1315,jv316,p657
Zhang J ,je219,j219,Mahmood A ,r1318,jv317,p659
Zhang J ,je219,j219,Horne R R ,r1319,jv317,p659
Zhang J ,je219,j219,Magleby S P ,r1750,jv406,p875
Zhang J ,je219,j219,Ellingson J ,r1751,jv406,p875
Libano F ,je22,j22,Kates W R ,r524,jv172,p262
Libano F ,je22,j22,Hueros R A R ,r525,jv172,p262
Libano F ,je22,j22,Detournay E ,r58,jv24,p29
Libano F ,je22,j22,Wyatt Clegg B ,r59,jv24,p29
Libano F ,je22,j22,Goode T ,r92,jv24,p46
Libano F ,je22,j22,Perego A ,r93,jv24,p46
Libano F ,je22,j22,Briceño X ,r118,jv24,p59
Libano F ,je22,j22,Perry S B ,r119,jv24,p59
Libano F ,je22,j22,Stoddard A ,r1006,jv274,p503
Libano F ,je22,j22,Long D G ,r1007,jv274,p503
Libano F ,je22,j22,Gur R E ,r1042,jv274,p521
Libano F ,je22,j22,Vaughn A B ,r1043,jv274,p521
Libano F ,je22,j22,Liu M ,r1050,jv274,p525
Libano F ,je22,j22,Bannister M T ,r1051,jv274,p525
Libano F ,je22,j22,Thomas S M ,r1486,jv358,p743
Libano F ,je22,j22,Kaivo-oja J ,r1487,jv358,p743
McCabe K L ,je220,j220,Zabriskie P ,r1332,jv320,p666
McCabe K L ,je220,j220,Soderquist D R ,r1333,jv320,p666
McCabe K L ,je220,j220,Ramos K ,r1388,jv320,p694
McCabe K L ,je220,j220,Wheeler D O ,r1389,jv320,p694
McCabe K L ,je220,j220,Bodily P M ,r1522,jv320,p761
McCabe K L ,je220,j220,Jones Z T ,r1523,jv320,p761
Wade B S C ,je221,j221,Lim H ,r1334,jv321,p667
Wade B S C ,je221,j221,Hosler T ,r1335,jv321,p667
Johnson J ,je222,j222,Krutka D G ,r1346,jv325,p673
Johnson J ,je222,j222,Prince D ,r1347,jv325,p673
Gunther H ,je223,j223,Lavadiya D N ,r1350,jv326,p675
Gunther H ,je223,j223,Hogg H L ,r1351,jv326,p675
Wang X ,je224,j224,Shayegan J ,r1360,jv329,p680
Wang X ,je224,j224,Josephson C ,r1361,jv329,p680
Corie T H ,je225,j225,Chatterjee S ,r1370,jv331,p685
Corie T H ,je225,j225,Whitehead J P ,r1371,jv331,p685
Anderson R ,je226,j226,Risovi-Hendrickson W ,r1374,jv333,p687
Anderson R ,je226,j226,Butler J J ,r1375,jv333,p687
Adidharma H ,je227,j227,Anderson S ,r1376,jv334,p688
Adidharma H ,je227,j227,Leete K M ,r1377,jv334,p688
Bencivenga F ,je228,j228,Hodge D ,r1380,jv336,p690
Bencivenga F ,je228,j228,Szymanski R ,r1381,jv336,p690
Gong H ,je229,j229,Jain A ,r1390,jv338,p695
Gong H ,je229,j229,Hunt J ,r1391,jv338,p695
Gong H ,je229,j229,Heath Ogden T ,r1548,jv381,p774
Gong H ,je229,j229,Zhang X ,r1549,jv381,p774
Bowen L ,je23,j23,Tate D F ,r60,jv25,p30
Bowen L ,je23,j23,Carneiro A ,r61,jv25,p30
Villanueva I ,je230,j230,Zhao R ,r1394,jv340,p697
Villanueva I ,je230,j230,Davis H C ,r1395,jv340,p697
Mosavi H ,je231,j231,Manyam S G ,r1398,jv342,p699
Mosavi H ,je231,j231,Zhu Y ,r1399,jv342,p699
Oman K G ,je232,j232,Tippmann J D ,r1404,jv344,p702
Oman K G ,je232,j232,Renouard J ,r1405,jv344,p702
Gorrell S ,je233,j233,Andersen J ,r1426,jv351,p713
Gorrell S ,je233,j233,Jensen B ,r1427,jv351,p713
Misha R ,je234,j234,Smith T ,r1446,jv353,p723
Misha R ,je234,j234,Prasad S V ,r1447,jv353,p723
Hales Swift S ,je235,j235,Pires dos Santos R ,r1484,jv357,p742
Hales Swift S ,je235,j235,Watt R K ,r1485,jv357,p742
Sahawneh L R ,je236,j236,Laycock R G ,r1488,jv359,p744
Sahawneh L R ,je236,j236,Curtarolo S ,r1489,jv359,p744
Allen J D ,je237,j237,Das S R ,r1502,jv365,p751
Allen J D ,je237,j237,Plett G L ,r1503,jv365,p751
Tamini A ,je238,j238,Troy Blackburn J ,r1510,jv368,p755
Tamini A ,je238,j238,Pederson J ,r1511,jv368,p755
Wall S ,je239,j239,Baker N F ,r1528,jv373,p764
Wall S ,je239,j239,Knight C J ,r1529,jv373,p764
Wang T ,je24,j24,Weber K S ,r366,jv125,p183
Wang T ,je24,j24,Henderson P ,r367,jv125,p183
Wang T ,je24,j24,Choi G ,r62,jv26,p31
Wang T ,je24,j24,Gregg J F ,r63,jv26,p31
Herder J L ,je240,j240,Patterson C ,r1538,jv376,p769
Herder J L ,je240,j240,Kaoumi D ,r1539,jv376,p769
Doherty J ,je241,j241,Christofferson J P ,r1540,jv377,p770
Doherty J ,je241,j241,Camplani A ,r1541,jv377,p770
Salvatierra G ,je242,j242,Wijaya W ,r1542,jv378,p771
Salvatierra G ,je242,j242,Pedersoli E ,r1543,jv378,p771
Galtier M ,je243,j243,Mosavi H ,r1544,jv379,p772
Galtier M ,je243,j243,Wood R L ,r1545,jv379,p772
Bender C ,je244,j244,Van Ry P M ,r1546,jv380,p773
Bender C ,je244,j244,Blonquist J ,r1547,jv380,p773
Petrie A ,je245,j245,Maughan P J ,r1552,jv383,p776
Petrie A ,je245,j245,Park C -H ,r1553,jv383,p776
Weaver J L ,je246,j246,Khajah T ,r1554,jv384,p777
Weaver J L ,je246,j246,Rice M ,r1555,jv384,p777
Taus M ,je247,j247,Wang K -A ,r1560,jv386,p780
Taus M ,je247,j247,Biswas A ,r1561,jv386,p780
Johnson H ,je248,j248,Lofthouse V ,r1570,jv389,p785
Johnson H ,je248,j248,White J H ,r1571,jv389,p785
Pendlebury J ,je249,j249,Budd R ,r1600,jv390,p800
Pendlebury J ,je249,j249,Liu H ,r1601,jv390,p800
Katayama I ,je25,j25,Mathies R A ,r64,jv27,p32
Katayama I ,je25,j25,Glaab P C ,r65,jv27,p32
Katayama I ,je25,j25,Buck D C ,r276,jv97,p138
Katayama I ,je25,j25,Illerhaus R ,r277,jv97,p138
Zoltowski C B ,je250,j250,Sellers A D ,r1610,jv391,p805
Zoltowski C B ,je250,j250,Mohamad G ,r1611,jv391,p805
Nickerl A ,je251,j251,Stone B R ,r1654,jv395,p827
Nickerl A ,je251,j251,Thameem M ,r1655,jv395,p827
Anderson B E ,je252,j252,Ruzindana M ,r1688,jv398,p844
Anderson B E ,je252,j252,Weaver B P ,r1689,jv398,p844
McCabe K L ,je253,j253,Mayoral J M ,r1690,jv399,p845
McCabe K L ,je253,j253,Kück K ,r1691,jv399,p845
McCabe K L ,je253,j253,Rogers P ,r1764,jv409,p882
McCabe K L ,je253,j253,Hill M ,r1765,jv409,p882
Ferguson S M ,je254,j254,Pohl M B ,r1714,jv400,p857
Ferguson S M ,je254,j254,Sanders S ,r1715,jv400,p857
Gomes M A C ,je255,j255,Poussin H ,r1720,jv402,p860
Gomes M A C ,je255,j255,Patterson E S ,r1721,jv402,p860
Lin C -S ,je256,j256,Broyles Z ,r1740,jv403,p870
Lin C -S ,je256,j256,Shoemaker G ,r1741,jv403,p870
Jensen D W ,je257,j257,Price C ,r1776,jv413,p888
Jensen D W ,je257,j257,Tate Fanning D ,r1777,jv413,p888
Mishra R K ,je258,j258,Stringer B J ,r1778,jv414,p889
Mishra R K ,je258,j258,Archibald J L ,r1779,jv414,p889
Terry J S ,je259,j259,,,,
Small K A ,je26,j26,Yang Z ,r324,jv112,p162
Small K A ,je26,j26,Navrotsky A ,r325,jv112,p162
Small K A ,je26,j26,Barton T J ,r936,jv258,p468
Small K A ,je26,j26,Bush W S ,r937,jv258,p468
Small K A ,je26,j26,Nelson N ,r958,jv265,p479
Small K A ,je26,j26,Knighton B E ,r959,jv265,p479
Small K A ,je26,j26,Bopp D G ,r66,jv28,p33
Small K A ,je26,j26,Machado S ,r67,jv28,p33
Small K A ,je26,j26,Jahanshad N ,r150,jv55,p75
Small K A ,je26,j26,Atkinson N ,r151,jv55,p75
Small K A ,je26,j26,Rendon G T ,r230,jv83,p115
Small K A ,je26,j26,Farnsworth C B ,r231,jv83,p115
Small K A ,je26,j26,Tolman K A ,r272,jv95,p136
Small K A ,je26,j26,Guthrie S ,r273,jv95,p136
Zou Z ,je260,j260,,,,
Anderson S ,je261,j261,,,,
Lane S ,je262,j262,,,,
Hess B C ,je263,j263,,,,
Camacho J S ,je264,j264,,,,
Monaco P ,je265,j265,,,,
Skaggs P ,je266,j266,,,,
Whitworth C B ,je267,j267,,,,
Lomov S V ,je268,j268,,,,
Mansoor M M ,je269,j269,,,,
Liu B -F ,je27,j27,Forsgren B ,r724,jv202,p362
Liu B -F ,je27,j27,Morales C ,r725,jv202,p362
Liu B -F ,je27,j27,Whiting T A ,r770,jv202,p385
Liu B -F ,je27,j27,Perry S B ,r771,jv202,p385
Liu B -F ,je27,j27,Poon T C ,r772,jv202,p386
Liu B -F ,je27,j27,Dwivedi V H ,r773,jv202,p386
Liu B -F ,je27,j27,Lin H -H ,r224,jv29,p112
Liu B -F ,je27,j27,Kaleo Roberts A ,r225,jv29,p112
Liu B -F ,je27,j27,Milam S N ,r226,jv29,p113
Liu B -F ,je27,j27,Megaridis C M ,r227,jv29,p113
Liu B -F ,je27,j27,McDonald S J ,r246,jv29,p123
Liu B -F ,je27,j27,Jackson B ,r247,jv29,p123
Liu B -F ,je27,j27,Laney J ,r70,jv29,p35
Liu B -F ,je27,j27,Ogles B ,r71,jv29,p35
Liu B -F ,je27,j27,Ellingson G ,r1176,jv304,p588
Liu B -F ,je27,j27,Codling J R ,r1177,jv304,p588
Liu B -F ,je27,j27,Ohara Y ,r1646,jv393,p823
Liu B -F ,je27,j27,Vaterlaus A C ,r1647,jv393,p823
Liu B -F ,je27,j27,Trilling D E ,r1648,jv393,p824
Liu B -F ,je27,j27,Armknecht J ,r1649,jv393,p824
Dallon E ,je270,j270,,,,
Parate K ,je271,j271,,,,
Zhu Y ,je272,j272,,,,
Crockett J ,je273,j273,,,,
Gaskin J ,je274,j274,,,,
Perrinsy E ,je275,j275,,,,
Ridge S T ,je276,j276,,,,
Stone B R ,je277,j277,,,,
La A ,je278,j278,,,,
Lewis R S ,je279,j279,,,,
Steffensen S C ,je28,j28,Smiley A J ,r1056,jv293,p528
Steffensen S C ,je28,j28,Kaleo Roberts A ,r1057,jv293,p528
Steffensen S C ,je28,j28,Bilancia P ,r72,jv30,p36
Steffensen S C ,je28,j28,Banesh D ,r73,jv30,p36
Glew R ,je280,j280,,,,
Campbell C ,je281,j281,,,,
Stanford N R ,je282,j282,,,,
Bowden A E ,je283,j283,,,,
Naylor T A ,je284,j284,,,,
Taysom B S ,je285,j285,,,,
Jiang Y ,je286,j286,,,,
McCall A J ,je287,j287,,,,
Ghamkhar R ,je288,j288,,,,
Peters K ,je289,j289,,,,
Zhou G ,je29,j29,Sellers A D ,r550,jv181,p275
Zhou G ,je29,j29,Pastusek P ,r551,jv181,p275
Zhou G ,je29,j29,Draper S R E ,r74,jv31,p37
Zhou G ,je29,j29,Chahal J S ,r75,jv31,p37
Zhou G ,je29,j29,Raynal J ,r1526,jv372,p763
Zhou G ,je29,j29,Lopes R ,r1527,jv372,p763
Stagg G G ,je290,j290,,,,
Campbell K S ,je291,j291,,,,
Herder J L ,je292,j292,,,,
Baradoy D ,je293,j293,,,,
Lay K ,je294,j294,,,,
Zaremba S ,je295,j295,,,,
Hedges D M ,je296,j296,,,,
Johnson J A ,je297,j297,,,,
Cockrell J ,je298,j298,,,,
Gardner J W ,je299,j299,,,,
Bush D B ,je3,j3,Goeders J ,r10,jv3,p5
Bush D B ,je3,j3,Romero M ,r11,jv3,p5
Bush D B ,je3,j3,Smith J P ,r1504,jv366,p752
Bush D B ,je3,j3,Poon T C ,r1505,jv366,p752
Hopman A ,je30,j30,Roeder B L ,r78,jv32,p39
Hopman A ,je30,j30,Lund J ,r79,jv32,p39
McElderry J ,je300,j300,,,,
White S ,je301,j301,,,,
Nordin G P ,je302,j302,,,,
Temple K ,je303,j303,,,,
Thorum A ,je304,j304,,,,
Barrett L K ,je305,j305,,,,
Hurley D ,je306,j306,,,,
Rybkowski Z K ,je307,j307,,,,
Parsekian G A ,je308,j308,,,,
Harrison R G ,je309,j309,,,,
Du X ,je31,j31,Ermanni P ,r832,jv226,p416
Du X ,je31,j31,Lane S ,r833,jv226,p416
Du X ,je31,j31,Caglar B ,r80,jv33,p40
Du X ,je31,j31,Laney J ,r81,jv33,p40
Wright S I ,je310,j310,,,,
Morgan W S ,je311,j311,,,,
Hart G ,je312,j312,,,,
Shrager A ,je313,j313,,,,
Bodaghi M ,je314,j314,,,,
Yan K ,je315,j315,,,,
Martens D R W ,je316,j316,,,,
Camacho R M ,je317,j317,,,,
Huang J -S ,je318,j318,,,,
Stewart E ,je319,j319,,,,
Ames D C ,je32,j32,Rossi T ,r890,jv249,p445
Ames D C ,je32,j32,Bair J ,r891,jv249,p445
Ames D C ,je32,j32,Vallée T ,r1094,jv301,p547
Ames D C ,je32,j32,Campbell A ,r1095,jv301,p547
Ames D C ,je32,j32,Cunningham A C ,r82,jv34,p41
Ames D C ,je32,j32,Lin A ,r83,jv34,p41
Ames D C ,je32,j32,Fernandes T ,r1496,jv362,p748
Ames D C ,je32,j32,Jones T ,r1497,jv362,p748
Ames D C ,je32,j32,Suvorov A ,r176,jv67,p88
Ames D C ,je32,j32,Heath Ogden T ,r177,jv67,p88
Smith T J ,je320,j320,,,,
Jensen B ,je321,j321,,,,
Orgel C ,je322,j322,,,,
Warnick K F ,je323,j323,,,,
Oettle N K ,je324,j324,,,,
Stout J M ,je325,j325,,,,
Swift G ,je326,j326,,,,
Du K ,je327,j327,,,,
Hansen K R ,je328,j328,,,,
Sitar R ,je329,j329,,,,
Yan X ,je33,j33,Boaventura-Cunha J ,r406,jv137,p203
Yan X ,je33,j33,Collett T ,r407,jv137,p203
Yan X ,je33,j33,Cheng L ,r408,jv137,p204
Yan X ,je33,j33,Archibald J L ,r409,jv137,p204
Yan X ,je33,j33,Grames C ,r84,jv35,p42
Yan X ,je33,j33,Ruoti C ,r85,jv35,p42
Butler B W ,je330,j330,,,,
Hsu C -W ,je331,j331,,,,
Wright G A ,je332,j332,,,,
List M G ,je333,j333,,,,
Nir T ,je334,j334,,,,
Ngo K ,je335,j335,,,,
Moazzami F ,je336,j336,,,,
Wheeler D R ,je337,j337,,,,
Shishavan R A ,je338,j338,,,,
Calderon J R ,je339,j339,,,,
Nash R ,je34,j34,Boardman B ,r86,jv36,p43
Nash R ,je34,j34,Lingwall B N ,r87,jv36,p43
Martinez T ,je340,j340,,,,
Cunningham A ,je341,j341,,,,
Mascarenas D ,je342,j342,,,,
Arabian F ,je343,j343,,,,
Liu F C ,je344,j344,,,,
Taus M ,je345,j345,,,,
Fuller S G ,je346,j346,,,,
Frustaci J B ,je347,j347,,,,
Forsyth J K ,je348,j348,,,,
Hastings A ,je349,j349,,,,
Schrand A ,je35,j35,Cook M R ,r328,jv114,p164
Schrand A ,je35,j35,Pierce J ,r329,jv114,p164
Schrand A ,je35,j35,Memmott M J ,r1040,jv289,p520
Schrand A ,je35,j35,Prugue C ,r1041,jv289,p520
Schrand A ,je35,j35,Ding S ,r94,jv37,p47
Schrand A ,je35,j35,Holden J ,r95,jv37,p47
Schrand A ,je35,j35,Hepworth A ,r198,jv37,p99
Schrand A ,je35,j35,Steven Turley R ,r199,jv37,p99
Richardson M ,je350,j350,,,,
Gamstedt E K ,je351,j351,,,,
Parr R ,je352,j352,,,,
Simpson T W ,je353,j353,,,,
Sarker S ,je354,j354,,,,
Kovacevic A ,je355,j355,,,,
Berg D C ,je356,j356,,,,
Peterson S ,je357,j357,,,,
Truscott T T ,je358,j358,,,,
Dong J ,je359,j359,,,,
Wang K -A ,je36,j36,Zaremba S ,r364,jv124,p182
Wang K -A ,je36,j36,Sorensen S T ,r365,jv124,p182
Wang K -A ,je36,j36,Weber K S ,r96,jv38,p48
Wang K -A ,je36,j36,Cunningham A ,r97,jv38,p48
Wamick K ,je360,j360,,,,
Chen G ,je361,j361,,,,
Scott M A ,je362,j362,,,,
Manandhar K ,je363,j363,,,,
Brink K M ,je364,j364,,,,
Petersen M ,je365,j365,,,,
Peterman R J ,je366,j366,,,,
Emanuel B ,je367,j367,,,,
Baktur R ,je368,j368,,,,
Li X ,je369,j369,,,,
Wray K W ,je37,j37,Kück K ,r98,jv39,p49
Wray K W ,je37,j37,Ni Q ,r99,jv39,p49
Viswanathan H ,je370,j370,,,,
Searle H ,je371,j371,,,,
Camplani A ,je372,j372,,,,
Song Y ,je373,j373,,,,
Crockett J ,je374,j374,,,,
Schledjewski R ,je375,j375,,,,
Schwicht D E W ,je376,j376,,,,
Argyle M ,je377,j377,,,,
Lusvardi C ,je378,j378,,,,
Brusati M ,je379,j379,,,,
Daily K ,je38,j38,Kane E ,r102,jv40,p51
Daily K ,je38,j38,Antshel K M ,r103,jv40,p51
Du X ,je380,j380,,,,
Arnold B T ,je381,j381,,,,
Richey M C ,je382,j382,,,,
Anderson C R ,je383,j383,,,,
Pielstick B D ,je384,j384,,,,
Yan X ,je385,j385,,,,
Petersen D ,je386,j386,,,,
Taheri M L ,je387,j387,,,,
Shu W ,je388,j388,,,,
Bischoff M ,je389,j389,,,,
Rajnarayan D ,je39,j39,Yekan T ,r298,jv104,p149
Rajnarayan D ,je39,j39,Le Gall A ,r299,jv104,p149
Rajnarayan D ,je39,j39,Lansinger V B ,r368,jv104,p184
Rajnarayan D ,je39,j39,Jiang Y ,r369,jv104,p184
Rajnarayan D ,je39,j39,James B ,r434,jv104,p217
Rajnarayan D ,je39,j39,Luc-Harkey B A ,r435,jv104,p217
Rajnarayan D ,je39,j39,Podryabinkin E V ,r466,jv104,p233
Rajnarayan D ,je39,j39,Levy O ,r467,jv104,p233
Rajnarayan D ,je39,j39,Fish D ,r1534,jv374,p767
Rajnarayan D ,je39,j39,Gabriel Richardson J ,r1535,jv374,p767
Rajnarayan D ,je39,j39,Hurd R C ,r106,jv42,p53
Rajnarayan D ,je39,j39,Li Y ,r107,jv42,p53
Rajnarayan D ,je39,j39,Brodie M ,r142,jv42,p71
Rajnarayan D ,je39,j39,Colton M B ,r143,jv42,p71
Rajnarayan D ,je39,j39,Henrichsen A M ,r144,jv42,p72
Rajnarayan D ,je39,j39,Glaab P C ,r145,jv42,p72
Toher C ,je390,j390,,,,
Redd B ,je391,j391,,,,
Kumar A ,je392,j392,,,,
Zou Z ,je393,j393,,,,
Kimmons R ,je394,j394,,,,
Chu H ,je395,j395,,,,
Dennis E L ,je396,j396,,,,
Aarsnes U J ,je397,j397,,,,
Bai R ,je398,j398,,,,
Wang Y ,je399,j399,,,,
Thorum A ,je4,j4,He J ,r26,jv11,p13
Thorum A ,je4,j4,Liarte D B ,r27,jv11,p13
Thorum A ,je4,j4,Rollins K M ,r12,jv4,p6
Thorum A ,je4,j4,Kates W R ,r13,jv4,p6
Hunter I ,je40,j40,Codling J R ,r108,jv43,p54
Hunter I ,je40,j40,Tew K ,r109,jv43,p54
Turley R S ,je400,j400,,,,
Chen H ,je401,j401,,,,
Smith A ,je402,j402,,,,
Nordin G P ,je403,j403,,,,
Baxter J S ,je404,j404,,,,
Rajwade K ,je405,j405,,,,
Wang Y ,je406,j406,,,,
Ynchausti C ,je407,j407,,,,
Schubnel R ,je408,j408,,,,
Maxfield J H ,je409,j409,,,,
Manyam S G ,je41,j41,Hodges G T ,r114,jv44,p57
Manyam S G ,je41,j41,Paillou P ,r115,jv44,p57
Hutchings N ,je410,j410,,,,
Chahal J S ,je411,j411,,,,
Gneiting S ,je412,j412,,,,
Fry A ,je413,j413,,,,
Ernst D ,je414,j414,,,,
Bilodeau R A ,je415,j415,,,,
Tovar J L ,je416,j416,,,,
Belanger H ,je417,j417,,,,
Podryabinkin E V ,je418,j418,,,,
George M W ,je419,j419,,,,
Linn R R ,je42,j42,Campbell L E ,r856,jv237,p428
Linn R R ,je42,j42,Fourment L ,r857,jv237,p428
Linn R R ,je42,j42,Ahn E -Y ,r962,jv237,p481
Linn R R ,je42,j42,Rajwade K ,r963,jv237,p481
Linn R R ,je42,j42,Duffield M O ,r1412,jv347,p706
Linn R R ,je42,j42,Clark R ,r1413,jv347,p706
Linn R R ,je42,j42,Jain P ,r124,jv45,p62
Linn R R ,je42,j42,Tiwari R ,r125,jv45,p62
Transtrum M K ,je420,j420,,,,
Noble P ,je421,j421,,,,
Adams B R ,je422,j422,,,,
Dasmeh A ,je423,j423,,,,
Rasmussen S ,je424,j424,,,,
Cope M ,je425,j425,,,,
Sousa P ,je426,j426,,,,
Montgomery J ,je427,j427,,,,
Erickson S D ,je428,j428,,,,
Nguyen V ,je429,j429,,,,
Camacho J S ,je43,j43,Chen J Y C ,r126,jv46,p63
Camacho J S ,je43,j43,Chatterjee S ,r127,jv46,p63
Vasquez D ,je430,j430,,,,
Sato Y ,je431,j431,,,,
Momtahan N ,je432,j432,,,,
Holloway C L ,je433,j433,,,,
Walker W C ,je434,j434,,,,
Ashe J ,je435,j435,,,,
Badger P ,je436,j436,,,,
Aghito M ,je437,j437,,,,
Zhou G ,je438,j438,,,,
Nir T ,je439,j439,,,,
Seamons K ,je44,j44,Jensen B D ,r520,jv170,p260
Seamons K ,je44,j44,Brownlee B J ,r521,jv170,p260
Seamons K ,je44,j44,Thacker K S ,r784,jv170,p392
Seamons K ,je44,j44,Advani S G ,r785,jv170,p392
Seamons K ,je44,j44,Naidoo J S ,r1406,jv345,p703
Seamons K ,je44,j44,Stanford N R ,r1407,jv345,p703
Seamons K ,je44,j44,Candia G ,r128,jv47,p64
Seamons K ,je44,j44,Amini E ,r129,jv47,p64
Duffield M O ,je440,j440,,,,
Black R A ,je441,j441,,,,
Morales C ,je442,j442,,,,
Bartschi J M ,je443,j443,,,,
Park J -W ,je444,j444,,,,
Hill M ,je445,j445,,,,
Almeida N V ,je446,j446,,,,
Killian M ,je447,j447,,,,
Chee P W ,je448,j448,,,,
Plett G L ,je449,j449,,,,
Doering C R ,je45,j45,Gustafson E ,r130,jv48,p65
Doering C R ,je45,j45,Ulrich T J ,r131,jv48,p65
Weidman J E ,je450,j450,,,,
Willits B L ,je451,j451,,,,
Cox J J ,je452,j452,,,,
O'Malley D ,je453,j453,,,,
Riding K A ,je454,j454,,,,
Taylor E ,je455,j455,,,,
Allen T D ,je456,j456,,,,
Jahanshad N ,je457,j457,,,,
Adams B R ,je458,j458,,,,
Hutchings B ,je459,j459,,,,
Cook D D ,je46,j46,Eicholtz M ,r132,jv49,p66
Cook D D ,je46,j46,Budd R ,r133,jv49,p66
Whiting T A ,je460,j460,,,,
Halverson D M ,je461,j461,,,,
Blonquist J ,je462,j462,,,,
Petrie A ,je463,j463,,,,
Takai H ,je464,j464,,,,
Martin R A ,je465,j465,,,,
Liarte D B ,je466,j466,,,,
Calvopiña D G ,je467,j467,,,,
Baxter A ,je468,j468,,,,
Wilton S J E ,je469,j469,,,,
Aslani P ,je47,j47,Zhou Z ,r134,jv50,p67
Aslani P ,je47,j47,Danforth E M ,r135,jv50,p67
Watt R K ,je470,j470,,,,
Kendrick B ,je471,j471,,,,
Calve S ,je472,j472,,,,
Xiao M ,je473,j473,,,,
Johnson A W ,je474,j474,,,,
Wynn J S ,je475,j475,,,,
Teichert L ,je476,j476,,,,
DeYoung J ,je477,j477,,,,
Taylor A ,je478,j478,,,,
Beyzaei C ,je479,j479,,,,
Loiseau J ,je48,j48,Beyzaei C ,r838,jv229,p419
Loiseau J ,je48,j48,Bidstrup C C ,r839,jv229,p419
Loiseau J ,je48,j48,Advani S G ,r862,jv239,p431
Loiseau J ,je48,j48,Oldroyd J ,r863,jv239,p431
Loiseau J ,je48,j48,Protopapa S ,r136,jv51,p68
Loiseau J ,je48,j48,Cameron J ,r137,jv51,p68
Loiseau J ,je48,j48,Laughlin K ,r152,jv56,p76
Loiseau J ,je48,j48,Adams B R ,r153,jv56,p76
Spearing S M ,je480,j480,,,,
Belanger H ,je481,j481,,,,
El Asmar M ,je482,j482,,,,
Zhang F ,je483,j483,,,,
Chen X ,je484,j484,,,,
West R E ,je485,j485,,,,
Stuedlein A ,je486,j486,,,,
Oara C ,je487,j487,,,,
Danailov M ,je488,j488,,,,
Wendel J F ,je489,j489,,,,
Smith R ,je49,j49,Wright L ,r140,jv52,p70
Smith R ,je49,j49,Pierce J ,r141,jv52,p70
Girod H ,je490,j490,,,,
Powell K ,je5,j5,Stephens A R ,r14,jv5,p7
Powell K ,je5,j5,Bickerton S ,r15,jv5,p7
Adamson M ,je50,j50,Howell R G ,r146,jv53,p73
Adamson M ,je50,j50,Domschke V ,r147,jv53,p73
Kvavle J ,je51,j51,Badger P ,r452,jv148,p226
Kvavle J ,je51,j51,Dickinson L ,r453,jv148,p226
Kvavle J ,je51,j51,Senadjki A ,r148,jv54,p74
Kvavle J ,je51,j51,Kim K M ,r149,jv54,p74
Smith D ,je52,j52,Hutchings N ,r416,jv141,p208
Smith D ,je52,j52,Parness A ,r417,jv141,p208
Smith D ,je52,j52,Jüttler B ,r486,jv159,p243
Smith D ,je52,j52,Cheung K -M ,r487,jv159,p243
Smith D ,je52,j52,Stapleton T ,r488,jv159,p244
Smith D ,je52,j52,Bryden K M ,r489,jv159,p244
Smith D ,je52,j52,Godfrey P C ,r556,jv183,p278
Smith D ,je52,j52,Fanning D T ,r557,jv183,p278
Smith D ,je52,j52,Soderquist D R ,r732,jv204,p366
Smith D ,je52,j52,Schrand A ,r733,jv204,p366
Smith D ,je52,j52,Soini A -J ,r880,jv245,p440
Smith D ,je52,j52,Wang W ,r881,jv245,p440
Smith D ,je52,j52,Wright J G ,r1418,jv349,p709
Smith D ,je52,j52,Veletsianos G ,r1419,jv349,p709
Smith D ,je52,j52,Bush W S ,r1428,jv349,p714
Smith D ,je52,j52,Sansom R L ,r1429,jv349,p714
Smith D ,je52,j52,Farrell M ,r154,jv57,p77
Smith D ,je52,j52,Clement M J ,r155,jv57,p77
Lam S -H ,je53,j53,Pham H ,r156,jv58,p78
Lam S -H ,je53,j53,Jonas R K ,r157,jv58,p78
Howell C ,je54,j54,Nevers D R ,r158,jv59,p79
Howell C ,je54,j54,Gardiner C ,r159,jv59,p79
Hendershott J ,je55,j55,Kale V ,r160,jv60,p80
Hendershott J ,je55,j55,Abildskov T J ,r161,jv60,p80
Watts-Englert J ,je56,j56,Horak P ,r294,jv103,p147
Watts-Englert J ,je56,j56,Bjørkevoll K ,r295,jv103,p147
Watts-Englert J ,je56,j56,Jensen C G ,r338,jv116,p169
Watts-Englert J ,je56,j56,Hazarika H ,r339,jv116,p169
Watts-Englert J ,je56,j56,Seeley M K ,r404,jv136,p202
Watts-Englert J ,je56,j56,Crane N B ,r405,jv136,p202
Watts-Englert J ,je56,j56,Badger J C ,r542,jv178,p271
Watts-Englert J ,je56,j56,Kim C ,r543,jv178,p271
Watts-Englert J ,je56,j56,Lay K ,r820,jv220,p410
Watts-Englert J ,je56,j56,Soderquist D R ,r821,jv220,p410
Watts-Englert J ,je56,j56,Hodges G T ,r844,jv232,p422
Watts-Englert J ,je56,j56,Allen B L ,r845,jv232,p422
Watts-Englert J ,je56,j56,Downing T ,r896,jv252,p448
Watts-Englert J ,je56,j56,Farr T ,r897,jv252,p448
Watts-Englert J ,je56,j56,Nickerl A ,r1000,jv271,p500
Watts-Englert J ,je56,j56,Parness A ,r1001,jv271,p500
Watts-Englert J ,je56,j56,Tolman S S ,r1642,jv392,p821
Watts-Englert J ,je56,j56,Campbell B D ,r1643,jv392,p821
Watts-Englert J ,je56,j56,Okunuki T ,r1644,jv392,p822
Watts-Englert J ,je56,j56,Brock Kirwan C ,r1645,jv392,p822
Watts-Englert J ,je56,j56,Chen J ,r1650,jv394,p825
Watts-Englert J ,je56,j56,Allen M ,r1651,jv394,p825
Watts-Englert J ,je56,j56,Paré P E ,r1766,jv410,p883
Watts-Englert J ,je56,j56,Gross A ,r1767,jv410,p883
Watts-Englert J ,je56,j56,Whitehead J ,r162,jv61,p81
Watts-Englert J ,je56,j56,Oevermann M ,r163,jv61,p81
Watts-Englert J ,je56,j56,Wynn J S ,r172,jv65,p86
Watts-Englert J ,je56,j56,Copeland C G ,r173,jv65,p86
Neupane A ,je57,j57,Huang Y -C ,r362,jv123,p181
Neupane A ,je57,j57,Adidharma H ,r363,jv123,p181
Neupane A ,je57,j57,Baliyarasimhuni S P ,r164,jv62,p82
Neupane A ,je57,j57,McDonald-Mcginn D ,r165,jv62,p82
Lazarz J ,je58,j58,Endruweit A ,r166,jv63,p83
Lazarz J ,je58,j58,Cuesta I ,r167,jv63,p83
Lazarz J ,je58,j58,Howell B ,r232,jv84,p116
Lazarz J ,je58,j58,Pratt B ,r233,jv84,p116
Garcia S E ,je59,j59,Camplani A ,r168,jv64,p84
Garcia S E ,je59,j59,Shumway S ,r169,jv64,p84
Frazer D ,je6,j6,Stuber Geesey M A ,r16,jv6,p8
Frazer D ,je6,j6,Patala S ,r17,jv6,p8
Schlegel C ,je60,j60,Embley J S ,r174,jv66,p87
Schlegel C ,je60,j60,Harden T ,r175,jv66,p87
Zhang Y ,je61,j61,Wood D ,r180,jv69,p90
Zhang Y ,je61,j61,Barker B ,r181,jv69,p90
Bakker G ,je62,j62,Avval T G ,r182,jv70,p91
Bakker G ,je62,j62,McCown A S ,r183,jv70,p91
Graul R J ,je63,j63,Wendt J O L ,r184,jv71,p92
Graul R J ,je63,j63,Ayoubi P ,r185,jv71,p92
Call M S ,je64,j64,Owens T ,r1752,jv407,p876
Call M S ,je64,j64,Kaufeld K ,r1753,jv407,p876
Call M S ,je64,j64,Wolfe D ,r210,jv72,p105
Call M S ,je64,j64,Boettcher E ,r211,jv72,p105
Call M S ,je64,j64,Cook M R ,r188,jv72,p94
Call M S ,je64,j64,Bates C O ,r189,jv72,p94
Sunaoshi T ,je65,j65,Poon T C ,r190,jv73,p95
Sunaoshi T ,je65,j65,Kim C ,r191,jv73,p95
Sunaoshi T ,je65,j65,Lee J H ,r280,jv98,p140
Sunaoshi T ,je65,j65,Downing J M ,r281,jv98,p140
Detournay E ,je66,j66,Whitehead N ,r192,jv74,p96
Detournay E ,je66,j66,Barrett B J ,r193,jv74,p96
Zephirin T ,je67,j67,Schroedter T L ,r656,jv190,p328
Zephirin T ,je67,j67,Srivastava V ,r657,jv190,p328
Zephirin T ,je67,j67,Davis B R ,r720,jv190,p360
Zephirin T ,je67,j67,Rodrigues L M ,r721,jv190,p360
Zephirin T ,je67,j67,Takahashi K Z ,r840,jv230,p420
Zephirin T ,je67,j67,Guthrie S ,r841,jv230,p420
Zephirin T ,je67,j67,Howell R G ,r1090,jv230,p545
Zephirin T ,je67,j67,Willits B L ,r1091,jv230,p545
Zephirin T ,je67,j67,Bradley M W ,r1096,jv230,p548
Zephirin T ,je67,j67,Holt E A ,r1097,jv230,p548
Zephirin T ,je67,j67,Stubbs C J ,r1430,jv352,p715
Zephirin T ,je67,j67,York G E ,r1431,jv352,p715
Zephirin T ,je67,j67,Steffensen S C ,r1482,jv352,p741
Zephirin T ,je67,j67,Lorenzo G ,r1483,jv352,p741
Zephirin T ,je67,j67,Evans S ,r1518,jv352,p759
Zephirin T ,je67,j67,Thomas M ,r1519,jv352,p759
Zephirin T ,je67,j67,Kaufeld K ,r204,jv76,p102
Zephirin T ,je67,j67,Call M S ,r205,jv76,p102
Kochenderfer M J ,je68,j68,Craig M ,r530,jv174,p265
Kochenderfer M J ,je68,j68,Louis-Kayen G P ,r531,jv174,p265
Kochenderfer M J ,je68,j68,Poornejad N ,r1046,jv290,p523
Kochenderfer M J ,je68,j68,Maxfield J H ,r1047,jv290,p523
Kochenderfer M J ,je68,j68,Nielson M ,r206,jv77,p103
Kochenderfer M J ,je68,j68,Richards D ,r207,jv77,p103
Kochenderfer M J ,je68,j68,Christensen J B ,r228,jv77,p114
Kochenderfer M J ,je68,j68,Martens D R W ,r229,jv77,p114
Kochenderfer M J ,je68,j68,Cosner R ,r260,jv77,p130
Kochenderfer M J ,je68,j68,Goodson M ,r261,jv77,p130
Tejada-Martínez A ,je69,j69,Manning A D ,r1280,jv312,p640
Tejada-Martínez A ,je69,j69,Warnick G M ,r1281,jv312,p640
Tejada-Martínez A ,je69,j69,Manring L ,r212,jv78,p106
Tejada-Martínez A ,je69,j69,Murphy C ,r213,jv78,p106
Tejada-Martínez A ,je69,j69,Holloway C L ,r234,jv78,p117
Tejada-Martínez A ,je69,j69,Witzeman J S ,r235,jv78,p117
Day N ,je7,j7,Wood R L ,r1514,jv369,p757
Day N ,je7,j7,Oldroyd J ,r1515,jv369,p757
Day N ,je7,j7,Lazzaroni M ,r1516,jv369,p758
Day N ,je7,j7,Johnson B I ,r1517,jv369,p758
Day N ,je7,j7,Bodewits D ,r18,jv7,p9
Day N ,je7,j7,Yang Y ,r19,jv7,p9
Gautam A ,je70,j70,Akay M F ,r816,jv218,p408
Gautam A ,je70,j70,Penner J F ,r817,jv218,p408
Gautam A ,je70,j70,Zacheu G ,r1658,jv396,p829
Gautam A ,je70,j70,Chang D K ,r1659,jv396,p829
Gautam A ,je70,j70,McDonald J K ,r214,jv79,p107
Gautam A ,je70,j70,Smith A K ,r215,jv79,p107
Gautam A ,je70,j70,Johnson C ,r236,jv79,p118
Gautam A ,je70,j70,Pitt W G ,r237,jv79,p118
Rombach I ,je71,j71,Chen G ,r218,jv80,p109
Rombach I ,je71,j71,Wirthlin M ,r219,jv80,p109
McEwen B ,je72,j72,Medina J ,r692,jv195,p346
McEwen B ,je72,j72,Van Den Bree M ,r693,jv195,p346
McEwen B ,je72,j72,Long E A ,r1302,jv314,p651
McEwen B ,je72,j72,Dornisch W ,r1303,jv314,p651
McEwen B ,je72,j72,Shumway S B ,r1674,jv397,p837
McEwen B ,je72,j72,Chou Y ,r1675,jv397,p837
McEwen B ,je72,j72,Malmberg M A ,r1684,jv397,p842
McEwen B ,je72,j72,Hatch N W ,r1685,jv397,p842
McEwen B ,je72,j72,Averett T ,r220,jv81,p110
McEwen B ,je72,j72,Olsen C R ,r221,jv81,p110
McEwen B ,je72,j72,Roychowdhury T ,r242,jv81,p121
McEwen B ,je72,j72,Wood C M ,r243,jv81,p121
Clark B ,je73,j73,Ackerman W ,r222,jv82,p111
Clark B ,je73,j73,Christensen C ,r223,jv82,p111
Chalfant T ,je74,j74,Noble P ,r238,jv85,p119
Chalfant T ,je74,j74,Bird E ,r239,jv85,p119
Rawlings L ,je75,j75,Okamoto K ,r1416,jv348,p708
Rawlings L ,je75,j75,Landers N ,r1417,jv348,p708
Rawlings L ,je75,j75,Tikare V ,r240,jv86,p120
Rawlings L ,je75,j75,Orme A D ,r241,jv86,p120
Mo J ,je76,j76,Welling A G ,r244,jv87,p122
Mo J ,je76,j76,Wisco J ,r245,jv87,p122
Pinto T ,je77,j77,Wilton S J E ,r1196,jv306,p598
Pinto T ,je77,j77,Megaridis C M ,r1197,jv306,p598
Pinto T ,je77,j77,Linn J ,r1198,jv306,p599
Pinto T ,je77,j77,Wilson J P ,r1199,jv306,p599
Pinto T ,je77,j77,Red W E ,r248,jv88,p124
Pinto T ,je77,j77,Nickerl A ,r249,jv88,p124
Qian X ,je78,j78,Amini E ,r1256,jv311,p628
Qian X ,je78,j78,Rosen J ,r1257,jv311,p628
Qian X ,je78,j78,High G ,r250,jv89,p125
Qian X ,je78,j78,Van Hoe B ,r251,jv89,p125
Pucci M F ,je79,j79,Vallée T ,r256,jv90,p128
Pucci M F ,je79,j79,Lin H -H ,r257,jv90,p128
Bauer J M ,je8,j8,Naylor T A ,r40,jv18,p20
Bauer J M ,je8,j8,Christofferson J P ,r41,jv18,p20
Bauer J M ,je8,j8,Taysom B S ,r178,jv68,p89
Bauer J M ,je8,j8,Red E ,r179,jv68,p89
Bauer J M ,je8,j8,Machado S ,r20,jv8,p10
Bauer J M ,je8,j8,Dasgupta A ,r21,jv8,p10
Amare N ,je80,j80,Wanik D ,r264,jv91,p132
Amare N ,je80,j80,Zumbrun K ,r265,jv91,p132
Sgobba T ,je81,j81,Lin H -H ,r828,jv224,p414
Sgobba T ,je81,j81,Siebert J ,r829,jv224,p414
Sgobba T ,je81,j81,Boardman B ,r266,jv92,p133
Sgobba T ,je81,j81,Wolfe D ,r267,jv92,p133
Sargent B ,je82,j82,Hicks A L ,r1340,jv323,p670
Sargent B ,je82,j82,Richards A P ,r1341,jv323,p670
Sargent B ,je82,j82,Sun W ,r268,jv93,p134
Sargent B ,je82,j82,Bickerton S ,r269,jv93,p134
Bilodeau R A ,je83,j83,Sachdev A ,r270,jv94,p135
Bilodeau R A ,je83,j83,Liu Y ,r271,jv94,p135
Janke D ,je84,j84,Wang T ,r274,jv96,p137
Janke D ,je84,j84,Beard J D ,r275,jv96,p137
Janke D ,je84,j84,Haghighipour N ,r680,jv96,p340
Janke D ,je84,j84,Black K M ,r681,jv96,p340
Borden M J ,je85,j85,Amoroso S ,r286,jv100,p143
Borden M J ,je85,j85,Hirt J R ,r287,jv100,p143
Borden M J ,je85,j85,Zimmerman T K ,r1336,jv322,p668
Borden M J ,je85,j85,Spearing S M ,r1337,jv322,p668
Clark B ,je86,j86,Zhang X ,r290,jv101,p145
Clark B ,je86,j86,Doering C R ,r291,jv101,p145
Clark B ,je86,j86,Ingersoll K ,r518,jv101,p259
Clark B ,je86,j86,Leslie Youd T ,r519,jv101,p259
Clark B ,je86,j86,Reichman B ,r552,jv101,p276
Clark B ,je86,j86,Cathey C ,r553,jv101,p276
Clark B ,je86,j86,Chalfant T ,r952,jv263,p476
Clark B ,je86,j86,Kvavle J ,r953,jv263,p476
Clark B ,je86,j86,Tas F M ,r1112,jv263,p556
Clark B ,je86,j86,Tensmeyer C ,r1113,jv263,p556
Clark B ,je86,j86,Quick L C ,r1330,jv319,p665
Clark B ,je86,j86,Young A ,r1331,jv319,p665
Clark B ,je86,j86,Mueller T ,r1338,jv319,p669
Clark B ,je86,j86,Hardersen P S ,r1339,jv319,p669
Clark B ,je86,j86,Willett S G ,r1348,jv319,p674
Clark B ,je86,j86,Vaziripour E ,r1349,jv319,p674
Clark B ,je86,j86,Maestre J ,r1420,jv319,p710
Clark B ,je86,j86,Barber J L ,r1421,jv319,p710
Clark B ,je86,j86,Bopp D G ,r1558,jv319,p779
Clark B ,je86,j86,Gruwell A ,r1559,jv319,p779
McAlpin J T ,je87,j87,Hansen L T ,r292,jv102,p146
McAlpin J T ,je87,j87,Thurlow C A ,r293,jv102,p146
McAlpin J T ,je87,j87,Bjørkevoll K ,r1396,jv341,p698
McAlpin J T ,je87,j87,Erickson S D ,r1397,jv341,p698
Yong A ,je88,j88,Wirthlin M ,r300,jv105,p150
Yong A ,je88,j88,Irvin J J ,r301,jv105,p150
Shelley M ,je89,j89,Harrison R G ,r302,jv106,p151
Shelley M ,je89,j89,Ruchti T ,r303,jv106,p151
Shelley M ,je89,j89,West R E ,r1760,jv408,p880
Shelley M ,je89,j89,Han J ,r1761,jv408,p880
Harper C ,je9,j9,Bosh A S ,r1372,jv332,p686
Harper C ,je9,j9,Talbot M ,r1373,jv332,p686
Harper C ,je9,j9,Trilling D E ,r22,jv9,p11
Harper C ,je9,j9,Moore B A ,r23,jv9,p11
Franks N A ,je90,j90,Li X ,r304,jv107,p152
Franks N A ,je90,j90,Stuedlein A ,r305,jv107,p152
Catelani G ,je91,j91,Jadbabaie A ,r306,jv108,p153
Catelani G ,je91,j91,Stott M A ,r307,jv108,p153
Catelani G ,je91,j91,Stoddard A ,r1034,jv286,p517
Catelani G ,je91,j91,Cook A D ,r1035,jv286,p517
Kang C K ,je92,j92,Mascarenas D ,r308,jv109,p154
Kang C K ,je92,j92,Yekan T ,r309,jv109,p154
Taysom B S ,je93,j93,Webb B ,r316,jv110,p158
Taysom B S ,je93,j93,Ishimwe E ,r317,jv110,p158
Taysom B S ,je93,j93,Renouard J ,r1002,jv272,p501
Taysom B S ,je93,j93,Clement M J ,r1003,jv272,p501
Taysom B S ,je93,j93,Wade B S C ,r1452,jv355,p726
Taysom B S ,je93,j93,Feeman S M ,r1453,jv355,p726
Davidson A D ,je94,j94,Bunnell S ,r326,jv113,p163
Davidson A D ,je94,j94,Barber J L ,r327,jv113,p163
Davidson A D ,je94,j94,Kurniawan C ,r370,jv126,p185
Davidson A D ,je94,j94,Simon A A ,r371,jv126,p185
Davidson A D ,je94,j94,Dwivedi V H ,r456,jv150,p228
Davidson A D ,je94,j94,Daly E ,r457,jv150,p228
Davidson A D ,je94,j94,Taus M ,r722,jv201,p361
Davidson A D ,je94,j94,Parness A ,r723,jv201,p361
Davidson A D ,je94,j94,Gorrell S ,r900,jv254,p450
Davidson A D ,je94,j94,McDonald-Mcginn D ,r901,jv254,p450
Thomas M ,je95,j95,Youn C C ,r330,jv115,p165
Thomas M ,je95,j95,Black K M ,r331,jv115,p165
Scott D R ,je96,j96,Bunker D ,r340,jv117,p170
Scott D R ,je96,j96,Gardner J W ,r341,jv117,p170
Mojica J L ,je97,j97,Brunhaver J ,r348,jv118,p174
Mojica J L ,je97,j97,Patterson E S ,r349,jv118,p174
Patel D I ,je98,j98,Adams D W ,r350,jv119,p175
Patel D I ,je98,j98,Merrell J ,r351,jv119,p175
Pohl M B ,je99,j99,Brodie M ,r356,jv120,p178
Pohl M B ,je99,j99,Lansinger V B ,r357,jv120,p178
