conference,idC,idP,title,idK,keyword
Advances in Intelligent Systems and Computing,c0,p0,Self-assessment of Proficiency of Intelligent Systems: Challenges and Opportunities,k0,Environment
Advances in Intelligent Systems and Computing,c0,p0,Self-assessment of Proficiency of Intelligent Systems: Challenges and Opportunities,k1,Goal(s)
Advances in Intelligent Systems and Computing,c0,p0,Self-assessment of Proficiency of Intelligent Systems: Challenges and Opportunities,k2,Intelligent agents
Advances in Intelligent Systems and Computing,c0,p0,Self-assessment of Proficiency of Intelligent Systems: Challenges and Opportunities,k3,Proficiency
Advances in Intelligent Systems and Computing,c0,p0,Self-assessment of Proficiency of Intelligent Systems: Challenges and Opportunities,k4,Self-assessment
Advances in Intelligent Systems and Computing,c0,p0,Self-assessment of Proficiency of Intelligent Systems: Challenges and Opportunities,k5,System
"2018 ASDSO - Dam Safety, Conference Proceedings",c105,p325,Establishing baseline performance for off-the-shelf nitrile seals for the India Mark II hand pump system,k641,Design for the developing world
"2018 ASDSO - Dam Safety, Conference Proceedings",c105,p325,Establishing baseline performance for off-the-shelf nitrile seals for the India Mark II hand pump system,k642,Engineering for global development
"2018 ASDSO - Dam Safety, Conference Proceedings",c105,p325,Establishing baseline performance for off-the-shelf nitrile seals for the India Mark II hand pump system,k967,Clean water
"2018 ASDSO - Dam Safety, Conference Proceedings",c105,p325,Establishing baseline performance for off-the-shelf nitrile seals for the India Mark II hand pump system,k968,Cup seal
"2018 ASDSO - Dam Safety, Conference Proceedings",c105,p325,Establishing baseline performance for off-the-shelf nitrile seals for the India Mark II hand pump system,k969,Hand pump
"2018 ASDSO - Dam Safety, Conference Proceedings",c105,p325,Establishing baseline performance for off-the-shelf nitrile seals for the India Mark II hand pump system,k970,India Mark
"2018 ASDSO - Dam Safety, Conference Proceedings",c105,p325,Establishing baseline performance for off-the-shelf nitrile seals for the India Mark II hand pump system,k971,Village Drill
Proceedings of the International Masonry Society Conferences,c106,p326,Advances in Signal Processing for Friction Stir Welding Temperature Control,k254,Temperature control
Proceedings of the International Masonry Society Conferences,c106,p326,Advances in Signal Processing for Friction Stir Welding Temperature Control,k308,Friction stir welding
Proceedings of the International Masonry Society Conferences,c106,p326,Advances in Signal Processing for Friction Stir Welding Temperature Control,k972,Signal processing
33rd Technical Conference of the American Society for Composites 2018,c107,p331,Using ellipsometry and X-ray photoelectron spectroscopy for real-time monitoring of the oxidation of aluminum mirrors protected by ultrathin MgF2 layers,k980,Aluminum mirror coatings
33rd Technical Conference of the American Society for Composites 2018,c107,p331,Using ellipsometry and X-ray photoelectron spectroscopy for real-time monitoring of the oxidation of aluminum mirrors protected by ultrathin MgF2 layers,k981,FUV
33rd Technical Conference of the American Society for Composites 2018,c107,p331,Using ellipsometry and X-ray photoelectron spectroscopy for real-time monitoring of the oxidation of aluminum mirrors protected by ultrathin MgF2 layers,k982,Lifetime
33rd Technical Conference of the American Society for Composites 2018,c107,p331,Using ellipsometry and X-ray photoelectron spectroscopy for real-time monitoring of the oxidation of aluminum mirrors protected by ultrathin MgF2 layers,k983,Magnesium fluoride
33rd Technical Conference of the American Society for Composites 2018,c107,p331,Using ellipsometry and X-ray photoelectron spectroscopy for real-time monitoring of the oxidation of aluminum mirrors protected by ultrathin MgF2 layers,k984,Oxidation
33rd Technical Conference of the American Society for Composites 2018,c107,p331,Using ellipsometry and X-ray photoelectron spectroscopy for real-time monitoring of the oxidation of aluminum mirrors protected by ultrathin MgF2 layers,k985,Quality assurance
33rd Technical Conference of the American Society for Composites 2018,c107,p331,Using ellipsometry and X-ray photoelectron spectroscopy for real-time monitoring of the oxidation of aluminum mirrors protected by ultrathin MgF2 layers,k986,Spectroscopic ellipsometry
33rd Technical Conference of the American Society for Composites 2018,c107,p331,Using ellipsometry and X-ray photoelectron spectroscopy for real-time monitoring of the oxidation of aluminum mirrors protected by ultrathin MgF2 layers,k987,XPS
Pacific Symposium on Biocomputing,c108,p332,3D printing for lab-on-a-chip devices with 20 μm channels,k206,3D printing
Pacific Symposium on Biocomputing,c108,p332,3D printing for lab-on-a-chip devices with 20 μm channels,k988,Lab on a chip
Pacific Symposium on Biocomputing,c108,p332,3D printing for lab-on-a-chip devices with 20 μm channels,k989,Microfluidics
Pacific Symposium on Biocomputing,c108,p332,3D printing for lab-on-a-chip devices with 20 μm channels,k990,Stereolithography
Proceedings - Annual Reliability and Maintainability Symposium,c11,p61,Using Partial Duplication with Compare to Detect Radiation-Induced Failure in a Commercial FPGA-Based Networking System,k143,reliability
Proceedings - Annual Reliability and Maintainability Symposium,c11,p61,Using Partial Duplication with Compare to Detect Radiation-Induced Failure in a Commercial FPGA-Based Networking System,k216,electronic design automation
Proceedings - Annual Reliability and Maintainability Symposium,c11,p61,Using Partial Duplication with Compare to Detect Radiation-Induced Failure in a Commercial FPGA-Based Networking System,k217,fault detection
Proceedings - Annual Reliability and Maintainability Symposium,c11,p61,Using Partial Duplication with Compare to Detect Radiation-Induced Failure in a Commercial FPGA-Based Networking System,k218,radiation effects
Proceedings - Annual Reliability and Maintainability Symposium,c11,p61,Using Partial Duplication with Compare to Detect Radiation-Induced Failure in a Commercial FPGA-Based Networking System,k219,redundancy
Proceedings of the International Conference on Offshore Mechanics and Arctic Engineering - OMAE,c112,p336,Effects of laser ablation parameters to pattern high purity magnesium surfaces,k991,Laser ablation
Proceedings of the International Conference on Offshore Mechanics and Arctic Engineering - OMAE,c112,p336,Effects of laser ablation parameters to pattern high purity magnesium surfaces,k992,Magnesium
Proceedings of the International Conference on Offshore Mechanics and Arctic Engineering - OMAE,c112,p336,Effects of laser ablation parameters to pattern high purity magnesium surfaces,k993,Micro machining
"AIAA Spacecraft Structures Conference, 2018",c114,p338,Evaluation and demonstration of take home laboratory kit,k994,Automated assessment
"AIAA Spacecraft Structures Conference, 2018",c114,p338,Evaluation and demonstration of take home laboratory kit,k995,software tools in control
"AIAA Spacecraft Structures Conference, 2018",c114,p338,Evaluation and demonstration of take home laboratory kit,k996,student expectations
"Pipelines 2018: Utility Engineering, Surveying, and Multidisciplinary Topics - Proceedings of Sessions of the Pipelines 2018 Conference",c116,p343,Changes in perceptions of ethical climate among undergraduate engineering students,k1005,Ethical climate
"Pipelines 2018: Utility Engineering, Surveying, and Multidisciplinary Topics - Proceedings of Sessions of the Pipelines 2018 Conference",c116,p343,Changes in perceptions of ethical climate among undergraduate engineering students,k1006,Ethics
"Pipelines 2018: Utility Engineering, Surveying, and Multidisciplinary Topics - Proceedings of Sessions of the Pipelines 2018 Conference",c116,p343,Changes in perceptions of ethical climate among undergraduate engineering students,k1007,Mixed-methods
Conference Proceedings of the Society for Experimental Mechanics Series,c12,p69,A 0 2-V 10-bit 5-kHz SAR ADC with Dynamic Bulk Biasing and Ultra-Low-Supply-Voltage Comparator,k243,ADC
Conference Proceedings of the Society for Experimental Mechanics Series,c12,p69,A 0 2-V 10-bit 5-kHz SAR ADC with Dynamic Bulk Biasing and Ultra-Low-Supply-Voltage Comparator,k244,comparator
Conference Proceedings of the Society for Experimental Mechanics Series,c12,p69,A 0 2-V 10-bit 5-kHz SAR ADC with Dynamic Bulk Biasing and Ultra-Low-Supply-Voltage Comparator,k245,low power
Conference Proceedings of the Society for Experimental Mechanics Series,c12,p69,A 0 2-V 10-bit 5-kHz SAR ADC with Dynamic Bulk Biasing and Ultra-Low-Supply-Voltage Comparator,k246,SAR
Conference Proceedings of the Society for Experimental Mechanics Series,c12,p69,A 0 2-V 10-bit 5-kHz SAR ADC with Dynamic Bulk Biasing and Ultra-Low-Supply-Voltage Comparator,k247,subthrehold operation
Conference Proceedings of the Society for Experimental Mechanics Series,c12,p69,A 0 2-V 10-bit 5-kHz SAR ADC with Dynamic Bulk Biasing and Ultra-Low-Supply-Voltage Comparator,k248,ultra low supply
Conference Proceedings of the Society for Experimental Mechanics Series,c12,p69,A 0 2-V 10-bit 5-kHz SAR ADC with Dynamic Bulk Biasing and Ultra-Low-Supply-Voltage Comparator,k249,variations
IEEE MTT-S International Microwave Symposium Digest,c124,p353,Do capstone students really understand the needs of the customer?: Observations on students’ blind spots left by early program curriculum,k1011,Capstone
IEEE MTT-S International Microwave Symposium Digest,c124,p353,Do capstone students really understand the needs of the customer?: Observations on students’ blind spots left by early program curriculum,k1012,Customer needs
IEEE MTT-S International Microwave Symposium Digest,c124,p353,Do capstone students really understand the needs of the customer?: Observations on students’ blind spots left by early program curriculum,k1013,Design deliverables
IEEE MTT-S International Microwave Symposium Digest,c124,p353,Do capstone students really understand the needs of the customer?: Observations on students’ blind spots left by early program curriculum,k1014,Project descriptions
IEEE MTT-S International Microwave Symposium Digest,c124,p353,Do capstone students really understand the needs of the customer?: Observations on students’ blind spots left by early program curriculum,k1015,Sponsor expectations
IEEE International Conference on Rehabilitation Robotics,c125,p354,The technology/tactics (TEC/TAC) plot: Explicit representation of user actions in the product design space,k1016,Bi-objective
IEEE International Conference on Rehabilitation Robotics,c125,p354,The technology/tactics (TEC/TAC) plot: Explicit representation of user actions in the product design space,k1017,Design space exploration
IEEE International Conference on Rehabilitation Robotics,c125,p354,The technology/tactics (TEC/TAC) plot: Explicit representation of user actions in the product design space,k1018,Technology tactics plot
"2017 International Conference on Unmanned Aircraft Systems, ICUAS 2017",c126,p356,Closed-Loop PID Re-Tuning in a Digital Twin by Re-Playing Past Setpoint and Load Disturbance Data,k1022,cyber-physical
"2017 International Conference on Unmanned Aircraft Systems, ICUAS 2017",c126,p356,Closed-Loop PID Re-Tuning in a Digital Twin by Re-Playing Past Setpoint and Load Disturbance Data,k1023,digital twin
"2017 International Conference on Unmanned Aircraft Systems, ICUAS 2017",c126,p356,Closed-Loop PID Re-Tuning in a Digital Twin by Re-Playing Past Setpoint and Load Disturbance Data,k1024,exhaustive search
"2017 International Conference on Unmanned Aircraft Systems, ICUAS 2017",c126,p356,Closed-Loop PID Re-Tuning in a Digital Twin by Re-Playing Past Setpoint and Load Disturbance Data,k1025,PID tuning
"2017 International Conference on Unmanned Aircraft Systems, ICUAS 2017",c126,p356,Closed-Loop PID Re-Tuning in a Digital Twin by Re-Playing Past Setpoint and Load Disturbance Data,k1026,smart tuning
"2017 International Conference on Unmanned Aircraft Systems, ICUAS 2017",c126,p356,Closed-Loop PID Re-Tuning in a Digital Twin by Re-Playing Past Setpoint and Load Disturbance Data,k1027,temperature control
Proceedings - IEEE International Conference on Robotics and Automation,c127,p364,Experimental characterization of leaky-mode spatial light modulators fabricated via direct laser writing,k1041,Femtosecond laser micromachining
Proceedings - IEEE International Conference on Robotics and Automation,c127,p364,Experimental characterization of leaky-mode spatial light modulators fabricated via direct laser writing,k1042,Guided-wave acousto-optics
Proceedings - IEEE International Conference on Robotics and Automation,c127,p364,Experimental characterization of leaky-mode spatial light modulators fabricated via direct laser writing,k1043,Holographic display
Proceedings - IEEE International Conference on Robotics and Automation,c127,p364,Experimental characterization of leaky-mode spatial light modulators fabricated via direct laser writing,k1044,Surface acoustic waves
Proceedings - IEEE International Conference on Robotics and Automation,c127,p364,Experimental characterization of leaky-mode spatial light modulators fabricated via direct laser writing,k903,Lithium niobate
"2017 17th European Conference on Radiation and Its Effects on Components and Systems, RADECS 2017",c128,p365,Multi-timescale pump-probe spectroscopy using time-encoding and time-stretching methods,k1045,Chirped fiber Bragg grating
"2017 17th European Conference on Radiation and Its Effects on Components and Systems, RADECS 2017",c128,p365,Multi-timescale pump-probe spectroscopy using time-encoding and time-stretching methods,k1046,Phase change materials
"2017 17th European Conference on Radiation and Its Effects on Components and Systems, RADECS 2017",c128,p365,Multi-timescale pump-probe spectroscopy using time-encoding and time-stretching methods,k1047,Pump-probe spectroscopy
"2017 17th European Conference on Radiation and Its Effects on Components and Systems, RADECS 2017",c128,p365,Multi-timescale pump-probe spectroscopy using time-encoding and time-stretching methods,k1048,Single-shot spectroscopy
"2017 17th European Conference on Radiation and Its Effects on Components and Systems, RADECS 2017",c128,p365,Multi-timescale pump-probe spectroscopy using time-encoding and time-stretching methods,k1049,Time-stretching
"2017 17th European Conference on Radiation and Its Effects on Components and Systems, RADECS 2017",c128,p365,Multi-timescale pump-probe spectroscopy using time-encoding and time-stretching methods,k1050,Timeencoding
"11th Annual IEEE International Systems Conference, SysCon 2017 - Proceedings",c130,p368,Development and testing of an innovative architectural programming simulation as a precursor to target value design,k1056,Architectural programming
"11th Annual IEEE International Systems Conference, SysCon 2017 - Proceedings",c130,p368,Development and testing of an innovative architectural programming simulation as a precursor to target value design,k1057,Design science
"11th Annual IEEE International Systems Conference, SysCon 2017 - Proceedings",c130,p368,Development and testing of an innovative architectural programming simulation as a precursor to target value design,k1058,Serious games
"11th Annual IEEE International Systems Conference, SysCon 2017 - Proceedings",c130,p368,Development and testing of an innovative architectural programming simulation as a precursor to target value design,k1059,Simulations
"11th Annual IEEE International Systems Conference, SysCon 2017 - Proceedings",c130,p368,Development and testing of an innovative architectural programming simulation as a precursor to target value design,k1060,Target value design
"11th Annual IEEE International Systems Conference, SysCon 2017 - Proceedings",c130,p368,Development and testing of an innovative architectural programming simulation as a precursor to target value design,k1061,Value
Geotechnical Special Publication,c14,p97,"Designer Thinking, A Unique Combination of Cognitive Modes",k361,Adaptive thinking
Geotechnical Special Publication,c14,p97,"Designer Thinking, A Unique Combination of Cognitive Modes",k362,Aptitudes
Geotechnical Special Publication,c14,p97,"Designer Thinking, A Unique Combination of Cognitive Modes",k363,Creative thinking
Geotechnical Special Publication,c14,p97,"Designer Thinking, A Unique Combination of Cognitive Modes",k364,Design thinking
Geotechnical Special Publication,c14,p97,"Designer Thinking, A Unique Combination of Cognitive Modes",k365,Divergent thinking
Geotechnical Special Publication,c14,p97,"Designer Thinking, A Unique Combination of Cognitive Modes",k366,Tolerance for ambiguity
Geotechnical Special Publication,c14,p97,"Designer Thinking, A Unique Combination of Cognitive Modes",k367,Visual thinking
AAAI Workshop - Technical Report,c141,p391,When official systems overload: A framework for finding social media calls for help during evacuations,k1100,Data
AAAI Workshop - Technical Report,c141,p391,When official systems overload: A framework for finding social media calls for help during evacuations,k1101,Disasters
AAAI Workshop - Technical Report,c141,p391,When official systems overload: A framework for finding social media calls for help during evacuations,k1102,Emergency response
AAAI Workshop - Technical Report,c141,p391,When official systems overload: A framework for finding social media calls for help during evacuations,k1103,Framework
AAAI Workshop - Technical Report,c141,p391,When official systems overload: A framework for finding social media calls for help during evacuations,k1104,Hurricanes
AAAI Workshop - Technical Report,c141,p391,When official systems overload: A framework for finding social media calls for help during evacuations,k936,Social media
"35th Wind Energy Symposium, 2017",c144,p395,Requirements for software to support the use of social media in emergency management: A Delphi study,k1105,Crisis informatics
"35th Wind Energy Symposium, 2017",c144,p395,Requirements for software to support the use of social media in emergency management: A Delphi study,k1106,Delphi method
"35th Wind Energy Symposium, 2017",c144,p395,Requirements for software to support the use of social media in emergency management: A Delphi study,k1107,Emergency management
"35th Wind Energy Symposium, 2017",c144,p395,Requirements for software to support the use of social media in emergency management: A Delphi study,k1108,Software requirements
"35th Wind Energy Symposium, 2017",c144,p395,Requirements for software to support the use of social media in emergency management: A Delphi study,k936,Social media
International Symposium on Advances in Computational Heat Transfer,c149,p403,Simultaneous Global Identification of Dynamic and Network Parameters in Transient Stability Studies,k1122,Global Optimization
International Symposium on Advances in Computational Heat Transfer,c149,p403,Simultaneous Global Identification of Dynamic and Network Parameters in Transient Stability Studies,k550,Parameter Estimation
International Symposium on Advances in Computational Heat Transfer,c149,p403,Simultaneous Global Identification of Dynamic and Network Parameters in Transient Stability Studies,k552,System Identification
"Proceedings - 18th IEEE International Conference on Machine Learning and Applications, ICMLA 2019",c15,p98,Rethinking Our Assumptions About Language Model Evaluation,k368,Common-sense reasoning
"Proceedings - 18th IEEE International Conference on Machine Learning and Applications, ICMLA 2019",c15,p98,Rethinking Our Assumptions About Language Model Evaluation,k369,Language model evaluation
"Proceedings - 18th IEEE International Conference on Machine Learning and Applications, ICMLA 2019",c15,p98,Rethinking Our Assumptions About Language Model Evaluation,k370,Language models
"Proceedings - 18th IEEE International Conference on Machine Learning and Applications, ICMLA 2019",c15,p98,Rethinking Our Assumptions About Language Model Evaluation,k371,Sentence embeddings
"Proceedings - 18th IEEE International Conference on Machine Learning and Applications, ICMLA 2019",c15,p98,Rethinking Our Assumptions About Language Model Evaluation,k372,Word embeddings
"2019 IEEE Global Communications Conference, GLOBECOM 2019 - Proceedings",c16,p100,Modeling common cause failures in systems with triple modular redundancy and repair,k376,Common cause failure
"2019 IEEE Global Communications Conference, GLOBECOM 2019 - Proceedings",c16,p100,Modeling common cause failures in systems with triple modular redundancy and repair,k377,Continuous time Markov chains
"2019 IEEE Global Communications Conference, GLOBECOM 2019 - Proceedings",c16,p100,Modeling common cause failures in systems with triple modular redundancy and repair,k378,Systems with repair
"2019 IEEE Global Communications Conference, GLOBECOM 2019 - Proceedings",c16,p100,Modeling common cause failures in systems with triple modular redundancy and repair,k379,Triple modular redundancy (TMR)
Proceedings - IEEE Military Communications Conference MILCOM,c18,p108,Machine Learning for Offensive Security: Sandbox Classification Using Decision Trees and Artificial Neural Networks,k391,Detection
Proceedings - IEEE Military Communications Conference MILCOM,c18,p108,Machine Learning for Offensive Security: Sandbox Classification Using Decision Trees and Artificial Neural Networks,k392,Information security
Proceedings - IEEE Military Communications Conference MILCOM,c18,p108,Machine Learning for Offensive Security: Sandbox Classification Using Decision Trees and Artificial Neural Networks,k393,Machine learning
Proceedings - IEEE Military Communications Conference MILCOM,c18,p108,Machine Learning for Offensive Security: Sandbox Classification Using Decision Trees and Artificial Neural Networks,k394,Malware
Proceedings - IEEE Military Communications Conference MILCOM,c18,p108,Machine Learning for Offensive Security: Sandbox Classification Using Decision Trees and Artificial Neural Networks,k395,Neural networks
Proceedings - IEEE Military Communications Conference MILCOM,c18,p108,Machine Learning for Offensive Security: Sandbox Classification Using Decision Trees and Artificial Neural Networks,k396,Offensive
"Conference Proceedings - IEEE International Conference on Systems, Man and Cybernetics",c19,p126,Augmented Reality for Interactive Robot Control,k448,Augmented reality
"Conference Proceedings - IEEE International Conference on Systems, Man and Cybernetics",c19,p126,Augmented Reality for Interactive Robot Control,k449,Force feedback
"Conference Proceedings - IEEE International Conference on Systems, Man and Cybernetics",c19,p126,Augmented Reality for Interactive Robot Control,k450,Microsoft Hololens
"Conference Proceedings - IEEE International Conference on Systems, Man and Cybernetics",c19,p126,Augmented Reality for Interactive Robot Control,k451,Motion planning
"Conference Proceedings - IEEE International Conference on Systems, Man and Cybernetics",c19,p126,Augmented Reality for Interactive Robot Control,k452,Robotic arm
Midwest Symposium on Circuits and Systems,c2,p21,"Low-Noise, Low-Power Pulse Shaper for Particle Detection (Invited Paper)",k81,bandpass filter
Midwest Symposium on Circuits and Systems,c2,p21,"Low-Noise, Low-Power Pulse Shaper for Particle Detection (Invited Paper)",k82,biquad filter
Midwest Symposium on Circuits and Systems,c2,p21,"Low-Noise, Low-Power Pulse Shaper for Particle Detection (Invited Paper)",k83,particle detector
Midwest Symposium on Circuits and Systems,c2,p21,"Low-Noise, Low-Power Pulse Shaper for Particle Detection (Invited Paper)",k84,pulse shaping
Midwest Symposium on Circuits and Systems,c2,p21,"Low-Noise, Low-Power Pulse Shaper for Particle Detection (Invited Paper)",k85,Sallen-Key
Midwest Symposium on Circuits and Systems,c2,p21,"Low-Noise, Low-Power Pulse Shaper for Particle Detection (Invited Paper)",k86,Shaper
"Proceedings of the 19th Conference on Formal Methods in Computer-Aided Design, FMCAD 2019",c20,p127,Visio-acoustic data fusion for structural health monitoring applications,k453,Signal aliasing
"Proceedings of the 19th Conference on Formal Methods in Computer-Aided Design, FMCAD 2019",c20,p127,Visio-acoustic data fusion for structural health monitoring applications,k454,Structural health monitoring
"Proceedings of the 19th Conference on Formal Methods in Computer-Aided Design, FMCAD 2019",c20,p127,Visio-acoustic data fusion for structural health monitoring applications,k455,Sub-Nyquist sampling
"Proceedings of the 19th Conference on Formal Methods in Computer-Aided Design, FMCAD 2019",c20,p127,Visio-acoustic data fusion for structural health monitoring applications,k456,Vibro-acoustics
"Proceedings of the 19th Conference on Formal Methods in Computer-Aided Design, FMCAD 2019",c20,p127,Visio-acoustic data fusion for structural health monitoring applications,k457,Video processing
"51st North American Power Symposium, NAPS 2019",c21,p129,Atomic flux circuits,k470,atomic beams
"51st North American Power Symposium, NAPS 2019",c21,p129,Atomic flux circuits,k471,atomic physics
"51st North American Power Symposium, NAPS 2019",c21,p129,Atomic flux circuits,k472,atomic sensors
"51st North American Power Symposium, NAPS 2019",c21,p129,Atomic flux circuits,k473,microfabricated vapor cells
"51st North American Power Symposium, NAPS 2019",c21,p129,Atomic flux circuits,k474,optical frequency standards
"51st North American Power Symposium, NAPS 2019",c21,p129,Atomic flux circuits,k475,quantum metrology
"International Conference on Infrared, Millimeter, and Terahertz Waves, IRMMW-THz",c23,p139,"Adapting standard external clustering metrics for repetitive, noisy observations",k491,Clustering
"International Conference on Infrared, Millimeter, and Terahertz Waves, IRMMW-THz",c23,p139,"Adapting standard external clustering metrics for repetitive, noisy observations",k492,External metrics
"International Conference on Infrared, Millimeter, and Terahertz Waves, IRMMW-THz",c23,p139,"Adapting standard external clustering metrics for repetitive, noisy observations",k493,Noise
"2019 IEEE Photonics Conference, IPC 2019 - Proceedings",c24,p142,Irregular quadrature amplitude modulation for adaptive physical-layer security,k503,Coset coding
"2019 IEEE Photonics Conference, IPC 2019 - Proceedings",c24,p142,Irregular quadrature amplitude modulation for adaptive physical-layer security,k504,Physicallayer security
"2019 IEEE Photonics Conference, IPC 2019 - Proceedings",c24,p142,Irregular quadrature amplitude modulation for adaptive physical-layer security,k505,Quadrature amplitude modulation
"2019 IEEE Photonics Conference, IPC 2019 - Proceedings",c24,p142,Irregular quadrature amplitude modulation for adaptive physical-layer security,k506,Security gap
"IEEE International Conference on Emerging Technologies and Factory Automation, ETFA",c25,p144,Synchronization between sensors and cameras in movement data labeling frameworks,k507,Annotating
"IEEE International Conference on Emerging Technologies and Factory Automation, ETFA",c25,p144,Synchronization between sensors and cameras in movement data labeling frameworks,k508,Camera
"IEEE International Conference on Emerging Technologies and Factory Automation, ETFA",c25,p144,Synchronization between sensors and cameras in movement data labeling frameworks,k509,IMU
"IEEE International Conference on Emerging Technologies and Factory Automation, ETFA",c25,p144,Synchronization between sensors and cameras in movement data labeling frameworks,k510,Labeling
"IEEE International Conference on Emerging Technologies and Factory Automation, ETFA",c25,p144,Synchronization between sensors and cameras in movement data labeling frameworks,k511,Synchronization
"IEEE International Conference on Emerging Technologies and Factory Automation, ETFA",c25,p144,Synchronization between sensors and cameras in movement data labeling frameworks,k512,Video
"Proceedings - 2020 IEEE 21st International Conference on Information Reuse and Integration for Data Science, IRI 2020",c3,p22,"Using a Deep Learning Model, Content Features, and Author Metadata to Recommend Research Papers",k87,content
"Proceedings - 2020 IEEE 21st International Conference on Information Reuse and Integration for Data Science, IRI 2020",c3,p22,"Using a Deep Learning Model, Content Features, and Author Metadata to Recommend Research Papers",k88,deep learning
"Proceedings - 2020 IEEE 21st International Conference on Information Reuse and Integration for Data Science, IRI 2020",c3,p22,"Using a Deep Learning Model, Content Features, and Author Metadata to Recommend Research Papers",k89,metadata
"Proceedings - 2020 IEEE 21st International Conference on Information Reuse and Integration for Data Science, IRI 2020",c3,p22,"Using a Deep Learning Model, Content Features, and Author Metadata to Recommend Research Papers",k90,Research paper
"ASEE Annual Conference and Exposition, Conference Proceedings",c30,p160,Probabilistic Network Observability of a Hybrid Power System with Communication Irregularities,k30,Co-simulation
"ASEE Annual Conference and Exposition, Conference Proceedings",c30,p160,Probabilistic Network Observability of a Hybrid Power System with Communication Irregularities,k34,State estimation
"ASEE Annual Conference and Exposition, Conference Proceedings",c30,p160,Probabilistic Network Observability of a Hybrid Power System with Communication Irregularities,k548,Communication irregularities
"ASEE Annual Conference and Exposition, Conference Proceedings",c30,p160,Probabilistic Network Observability of a Hybrid Power System with Communication Irregularities,k549,Network observability
"2019 International Conference on Unmanned Aircraft Systems, ICUAS 2019",c31,p161,Network Reduction in Transient Stability Models using Partial Response Matching,k550,Parameter Estimation
"2019 International Conference on Unmanned Aircraft Systems, ICUAS 2019",c31,p161,Network Reduction in Transient Stability Models using Partial Response Matching,k551,Reduced Order Systems
"2019 International Conference on Unmanned Aircraft Systems, ICUAS 2019",c31,p161,Network Reduction in Transient Stability Models using Partial Response Matching,k552,System Identification
"Proceedings - 4th IEEE European Symposium on Security and Privacy Workshops, EUROS and PW 2019",c32,p166,Feedback regulation of immune response to maximum exercise in Gulf war illness,k571,Exercise response
"Proceedings - 4th IEEE European Symposium on Security and Privacy Workshops, EUROS and PW 2019",c32,p166,Feedback regulation of immune response to maximum exercise in Gulf war illness,k572,Feedback control
"Proceedings - 4th IEEE European Symposium on Security and Privacy Workshops, EUROS and PW 2019",c32,p166,Feedback regulation of immune response to maximum exercise in Gulf war illness,k573,Gulf War Illness
"Proceedings - 4th IEEE European Symposium on Security and Privacy Workshops, EUROS and PW 2019",c32,p166,Feedback regulation of immune response to maximum exercise in Gulf war illness,k574,Immune dynamics
"Proceedings - 4th IEEE European Symposium on Security and Privacy Workshops, EUROS and PW 2019",c32,p166,Feedback regulation of immune response to maximum exercise in Gulf war illness,k575,Oscillatory behavior
"Proceedings of 11th International Conference on Bioinformatics and Computational Biology, BiCOB 2019",c37,p173,Three-Dimensional Hydrodynamic Focusing Designs for Integrated Optofluidic Detection Enhancement,k584,biophotonics
"Proceedings of 11th International Conference on Bioinformatics and Computational Biology, BiCOB 2019",c37,p173,Three-Dimensional Hydrodynamic Focusing Designs for Integrated Optofluidic Detection Enhancement,k585,biosensor
"Proceedings of 11th International Conference on Bioinformatics and Computational Biology, BiCOB 2019",c37,p173,Three-Dimensional Hydrodynamic Focusing Designs for Integrated Optofluidic Detection Enhancement,k586,hydrodynamic focusing
"Proceedings of 11th International Conference on Bioinformatics and Computational Biology, BiCOB 2019",c37,p173,Three-Dimensional Hydrodynamic Focusing Designs for Integrated Optofluidic Detection Enhancement,k587,liquid-core waveguide
"Proceedings of 11th International Conference on Bioinformatics and Computational Biology, BiCOB 2019",c37,p173,Three-Dimensional Hydrodynamic Focusing Designs for Integrated Optofluidic Detection Enhancement,k588,multi-spot excitation
"Proceedings of 11th International Conference on Bioinformatics and Computational Biology, BiCOB 2019",c37,p173,Three-Dimensional Hydrodynamic Focusing Designs for Integrated Optofluidic Detection Enhancement,k589,optofluidics
FPGA 2019 - Proceedings of the 2019 ACM/SIGDA International Symposium on Field-Programmable Gate Arrays,c38,p176,An APMonitor Temperature Lab PID Control Experiment for Undergraduate Students,k597,Arduino
FPGA 2019 - Proceedings of the 2019 ACM/SIGDA International Symposium on Field-Programmable Gate Arrays,c38,p176,An APMonitor Temperature Lab PID Control Experiment for Undergraduate Students,k598,Control Engineering Education
FPGA 2019 - Proceedings of the 2019 ACM/SIGDA International Symposium on Field-Programmable Gate Arrays,c38,p176,An APMonitor Temperature Lab PID Control Experiment for Undergraduate Students,k599,PID Control
"Proceedings of the 2019 Research on Equity and Sustained Participation in Engineering, Computing, and Technology, RESPECT 2019",c39,p177,An 8-bit 10-GHz 21-mW Time-Interleaved SAR ADC with Grouped DAC Capacitors and Dual-Path Bootstrapped Switch,k593,Bootstrapped switch
"Proceedings of the 2019 Research on Equity and Sustained Participation in Engineering, Computing, and Technology, RESPECT 2019",c39,p177,An 8-bit 10-GHz 21-mW Time-Interleaved SAR ADC with Grouped DAC Capacitors and Dual-Path Bootstrapped Switch,k594,DAC
"Proceedings of the 2019 Research on Equity and Sustained Participation in Engineering, Computing, and Technology, RESPECT 2019",c39,p177,An 8-bit 10-GHz 21-mW Time-Interleaved SAR ADC with Grouped DAC Capacitors and Dual-Path Bootstrapped Switch,k595,SAR ADC
"Proceedings of the 2019 Research on Equity and Sustained Participation in Engineering, Computing, and Technology, RESPECT 2019",c39,p177,An 8-bit 10-GHz 21-mW Time-Interleaved SAR ADC with Grouped DAC Capacitors and Dual-Path Bootstrapped Switch,k600,time interleaved
Proceedings of the American Control Conference,c4,p24,A Two-Step Multi-Stage Noise-Shaping Incremental Analog-to-Digital Converter (Invited Paper),k100,two step
Proceedings of the American Control Conference,c4,p24,A Two-Step Multi-Stage Noise-Shaping Incremental Analog-to-Digital Converter (Invited Paper),k94,analog-to-digital converter (ADC)
Proceedings of the American Control Conference,c4,p24,A Two-Step Multi-Stage Noise-Shaping Incremental Analog-to-Digital Converter (Invited Paper),k95,delta sigma (?S)
Proceedings of the American Control Conference,c4,p24,A Two-Step Multi-Stage Noise-Shaping Incremental Analog-to-Digital Converter (Invited Paper),k96,incremental data converters
Proceedings of the American Control Conference,c4,p24,A Two-Step Multi-Stage Noise-Shaping Incremental Analog-to-Digital Converter (Invited Paper),k97,multi stage noise shaping (MASH)
Proceedings of the American Control Conference,c4,p24,A Two-Step Multi-Stage Noise-Shaping Incremental Analog-to-Digital Converter (Invited Paper),k98,multi-step
Proceedings of the American Control Conference,c4,p24,A Two-Step Multi-Stage Noise-Shaping Incremental Analog-to-Digital Converter (Invited Paper),k99,time-domain analysis
"Proceedings of the 21st International Conference on Engineering and Product Design Education: Towards a New Innovation Landscape, E and PDE 2019",c45,p196,Neutron radiation testing of fault tolerant risc-v soft processor on xilinx SRAM-based FPGAs,k219,redundancy
"Proceedings of the 21st International Conference on Engineering and Product Design Education: Towards a New Innovation Landscape, E and PDE 2019",c45,p196,Neutron radiation testing of fault tolerant risc-v soft processor on xilinx SRAM-based FPGAs,k263,FPGA
"Proceedings of the 21st International Conference on Engineering and Product Design Education: Towards a New Innovation Landscape, E and PDE 2019",c45,p196,Neutron radiation testing of fault tolerant risc-v soft processor on xilinx SRAM-based FPGAs,k409,fault injection
"Proceedings of the 21st International Conference on Engineering and Product Design Education: Towards a New Innovation Landscape, E and PDE 2019",c45,p196,Neutron radiation testing of fault tolerant risc-v soft processor on xilinx SRAM-based FPGAs,k411,radiation testing
"Proceedings of the 21st International Conference on Engineering and Product Design Education: Towards a New Innovation Landscape, E and PDE 2019",c45,p196,Neutron radiation testing of fault tolerant risc-v soft processor on xilinx SRAM-based FPGAs,k646,Fault tolerance
"Proceedings of the 21st International Conference on Engineering and Product Design Education: Towards a New Innovation Landscape, E and PDE 2019",c45,p196,Neutron radiation testing of fault tolerant risc-v soft processor on xilinx SRAM-based FPGAs,k647,RISC-V
"Proceedings of the 21st International Conference on Engineering and Product Design Education: Towards a New Innovation Landscape, E and PDE 2019",c45,p196,Neutron radiation testing of fault tolerant risc-v soft processor on xilinx SRAM-based FPGAs,k648,Single Event Upset (SEU)
"Proceedings of the 21st International Conference on Engineering and Product Design Education: Towards a New Innovation Landscape, E and PDE 2019",c45,p196,Neutron radiation testing of fault tolerant risc-v soft processor on xilinx SRAM-based FPGAs,k649,soft processor
"Proceedings of the 21st International Conference on Engineering and Product Design Education: Towards a New Innovation Landscape, E and PDE 2019",c45,p196,Neutron radiation testing of fault tolerant risc-v soft processor on xilinx SRAM-based FPGAs,k650,Triple Modular Redundancy (TMR)
Optics InfoBase Conference Papers,c46,p197,Extended Abstract: Comparison of Peer and Instructor Qualitative Feedback on Presentations,k651,Assessment
Optics InfoBase Conference Papers,c46,p197,Extended Abstract: Comparison of Peer and Instructor Qualitative Feedback on Presentations,k652,instructor feedback
Optics InfoBase Conference Papers,c46,p197,Extended Abstract: Comparison of Peer and Instructor Qualitative Feedback on Presentations,k653,oral presentations
Optics InfoBase Conference Papers,c46,p197,Extended Abstract: Comparison of Peer and Instructor Qualitative Feedback on Presentations,k654,peer feedback.
International Conference on Transportation and Development 2019: Smarter and Safer Mobility and Cities - Selected Papers from the International Conference on Transportation and Development 2019,c52,p220,Don't Punish all of us: Measuring User Attitudes about Two-Factor Authentication,k713,Security
International Conference on Transportation and Development 2019: Smarter and Safer Mobility and Cities - Selected Papers from the International Conference on Transportation and Development 2019,c52,p220,Don't Punish all of us: Measuring User Attitudes about Two-Factor Authentication,k714,Two-factor authentication
International Conference on Transportation and Development 2019: Smarter and Safer Mobility and Cities - Selected Papers from the International Conference on Transportation and Development 2019,c52,p220,Don't Punish all of us: Measuring User Attitudes about Two-Factor Authentication,k715,Usability
International Conference on Transportation and Development 2019: Smarter and Safer Mobility and Cities - Selected Papers from the International Conference on Transportation and Development 2019,c52,p220,Don't Punish all of us: Measuring User Attitudes about Two-Factor Authentication,k716,Usable security
Proceedings of the International Telemetering Conference,c54,p225,Data classification and parameter identification in power systems by manifold learning,k731,Big data classification
Proceedings of the International Telemetering Conference,c54,p225,Data classification and parameter identification in power systems by manifold learning,k732,Diffusion maps
Proceedings of the International Telemetering Conference,c54,p225,Data classification and parameter identification in power systems by manifold learning,k733,Manifold learning
Proceedings of the International Telemetering Conference,c54,p225,Data classification and parameter identification in power systems by manifold learning,k734,Parameter identification
Proceedings of the International Telemetering Conference,c54,p225,Data classification and parameter identification in power systems by manifold learning,k735,WECC load model
Proceedings of the ASME Turbo Expo,c58,p240,Full-Duplex Jamming for Enhanced Hidden-Key Secrecy,k780,adaptive filtering
Proceedings of the ASME Turbo Expo,c58,p240,Full-Duplex Jamming for Enhanced Hidden-Key Secrecy,k781,physical-layer security
Proceedings of the ASME Turbo Expo,c58,p240,Full-Duplex Jamming for Enhanced Hidden-Key Secrecy,k782,self-jamming
IFAC-PapersOnLine,c59,p241,Adaptive Physical-Layer Security Through Punctured Coding for Secrecy,k783,Adaptive physical-layer security
IFAC-PapersOnLine,c59,p241,Adaptive Physical-Layer Security Through Punctured Coding for Secrecy,k784,coding for secrecy
IFAC-PapersOnLine,c59,p241,Adaptive Physical-Layer Security Through Punctured Coding for Secrecy,k785,interleaving
IFAC-PapersOnLine,c59,p241,Adaptive Physical-Layer Security Through Punctured Coding for Secrecy,k786,puncturing
IFAC-PapersOnLine,c59,p241,Adaptive Physical-Layer Security Through Punctured Coding for Secrecy,k787,scrambling
"11th International Symposium on Turbulence and Shear Flow Phenomena, TSFP 2019",c60,p253,Polar coding for physical-layer security without knowledge of the eavesdropper's channel,k506,Security gap
"11th International Symposium on Turbulence and Shear Flow Phenomena, TSFP 2019",c60,p253,Polar coding for physical-layer security without knowledge of the eavesdropper's channel,k822,Physical layer security
"11th International Symposium on Turbulence and Shear Flow Phenomena, TSFP 2019",c60,p253,Polar coding for physical-layer security without knowledge of the eavesdropper's channel,k823,Polar codes
"11th International Symposium on Turbulence and Shear Flow Phenomena, TSFP 2019",c60,p253,Polar coding for physical-layer security without knowledge of the eavesdropper's channel,k824,Wiretap channel
"27th Annual Conference of the International Group for Lean Construction, IGLC 2019",c64,p273,Surveying the Landscape: Statewide Data on K-12 CS Education Implementation,k875,CS education
"27th Annual Conference of the International Group for Lean Construction, IGLC 2019",c64,p273,Surveying the Landscape: Statewide Data on K-12 CS Education Implementation,k876,CS for All
"27th Annual Conference of the International Group for Lean Construction, IGLC 2019",c64,p273,Surveying the Landscape: Statewide Data on K-12 CS Education Implementation,k877,K-12
"25th AIAA/CEAS Aeroacoustics Conference, 2019",c67,p281,Alpha Model Domination in Multiple Choice Learning,k395,Neural networks
"25th AIAA/CEAS Aeroacoustics Conference, 2019",c67,p281,Alpha Model Domination in Multiple Choice Learning,k896,Ensembles
"25th AIAA/CEAS Aeroacoustics Conference, 2019",c67,p281,Alpha Model Domination in Multiple Choice Learning,k897,Multiple Choice Learning
Proceedings of the International ISCRAM Conference,c68,p284,Geometrically Motivated Reparameterization for Identifiability Analysis in Power Systems Models,k310,System identification
Proceedings of the International ISCRAM Conference,c68,p284,Geometrically Motivated Reparameterization for Identifiability Analysis in Power Systems Models,k905,Computational differential geometry
Proceedings of the International ISCRAM Conference,c68,p284,Geometrically Motivated Reparameterization for Identifiability Analysis in Power Systems Models,k906,Manifold boundary approximation method
Proceedings of the International ISCRAM Conference,c68,p284,Geometrically Motivated Reparameterization for Identifiability Analysis in Power Systems Models,k907,Model reduction
Proceedings of the International ISCRAM Conference,c68,p284,Geometrically Motivated Reparameterization for Identifiability Analysis in Power Systems Models,k908,Parameter identifiability
Proceedings of the International ISCRAM Conference,c68,p284,Geometrically Motivated Reparameterization for Identifiability Analysis in Power Systems Models,k909,Power system modeling
"2018 IEEE Nuclear and Space Radiation Effects Conference, NSREC 2018",c73,p291,Identifying mode shapes of turbo-machinery blades using principal component analysis and support vector machines,k393,Machine learning
"2018 IEEE Nuclear and Space Radiation Effects Conference, NSREC 2018",c73,p291,Identifying mode shapes of turbo-machinery blades using principal component analysis and support vector machines,k928,Computer vision
"2018 IEEE Nuclear and Space Radiation Effects Conference, NSREC 2018",c73,p291,Identifying mode shapes of turbo-machinery blades using principal component analysis and support vector machines,k929,Image processing
"2018 IEEE Nuclear and Space Radiation Effects Conference, NSREC 2018",c73,p291,Identifying mode shapes of turbo-machinery blades using principal component analysis and support vector machines,k930,Mode shape identification
"2018 IEEE Nuclear and Space Radiation Effects Conference, NSREC 2018",c73,p291,Identifying mode shapes of turbo-machinery blades using principal component analysis and support vector machines,k931,PCA
"Proceedings - 2018 IEEE PES Innovative Smart Grid Technologies Conference Europe, ISGT-Europe 2018",c74,p292,New uses of instagram in design history education,k932,Alassroom archive
"Proceedings - 2018 IEEE PES Innovative Smart Grid Technologies Conference Europe, ISGT-Europe 2018",c74,p292,New uses of instagram in design history education,k933,Industrial design history
"Proceedings - 2018 IEEE PES Innovative Smart Grid Technologies Conference Europe, ISGT-Europe 2018",c74,p292,New uses of instagram in design history education,k934,Instagram search
"Proceedings - 2018 IEEE PES Innovative Smart Grid Technologies Conference Europe, ISGT-Europe 2018",c74,p292,New uses of instagram in design history education,k935,Instagram student presentations
"Proceedings - 2018 IEEE PES Innovative Smart Grid Technologies Conference Europe, ISGT-Europe 2018",c74,p292,New uses of instagram in design history education,k936,Social media
"Proceedings - 2018 International Conference on High Performance Computing and Simulation, HPCS 2018",c75,p293,Exploring play interventions in design education,k937,Class room design
"Proceedings - 2018 International Conference on High Performance Computing and Simulation, HPCS 2018",c75,p293,Exploring play interventions in design education,k938,Creativity pedagogy
"Proceedings - 2018 International Conference on High Performance Computing and Simulation, HPCS 2018",c75,p293,Exploring play interventions in design education,k939,Industrial design
"Proceedings - 2018 International Conference on High Performance Computing and Simulation, HPCS 2018",c75,p293,Exploring play interventions in design education,k940,Student learning
"Proceedings - 2018 International Conference on High Performance Computing and Simulation, HPCS 2018",c75,p293,Exploring play interventions in design education,k941,Studio environment
"2018 IEEE 3rd International Verification and Security Workshop, IVSW 2018",c76,p294,"Exploring the moral differences, between industrial design, engineering and entrepreneurship students",k211,Product design
"2018 IEEE 3rd International Verification and Security Workshop, IVSW 2018",c76,p294,"Exploring the moral differences, between industrial design, engineering and entrepreneurship students",k942,Communication
"2018 IEEE 3rd International Verification and Security Workshop, IVSW 2018",c76,p294,"Exploring the moral differences, between industrial design, engineering and entrepreneurship students",k943,Design education
"2018 IEEE 3rd International Verification and Security Workshop, IVSW 2018",c76,p294,"Exploring the moral differences, between industrial design, engineering and entrepreneurship students",k944,Interdisciplinary education
"2018 IEEE 3rd International Verification and Security Workshop, IVSW 2018",c76,p294,"Exploring the moral differences, between industrial design, engineering and entrepreneurship students",k945,Interdisciplinary teams
"2018 International Conference on Reconfigurable Mechanisms and Robots, ReMAR 2018 - Proceedings",c79,p297,The personification of big data,k946,Big data
"2018 International Conference on Reconfigurable Mechanisms and Robots, ReMAR 2018 - Proceedings",c79,p297,The personification of big data,k947,Design methods
"2018 International Conference on Reconfigurable Mechanisms and Robots, ReMAR 2018 - Proceedings",c79,p297,The personification of big data,k948,Persona
"2018 International Conference on Reconfigurable Mechanisms and Robots, ReMAR 2018 - Proceedings",c79,p297,The personification of big data,k949,Persona Generator
"2018 International Conference on Reconfigurable Mechanisms and Robots, ReMAR 2018 - Proceedings",c79,p297,The personification of big data,k950,User centred design
IEEE International Reliability Physics Symposium Proceedings,c8,p50,Kcollections: A fast and efficient library for K-mers,k182,Data structure
IEEE International Reliability Physics Symposium Proceedings,c8,p50,Kcollections: A fast and efficient library for K-mers,k183,Genomics
IEEE International Reliability Physics Symposium Proceedings,c8,p50,Kcollections: A fast and efficient library for K-mers,k184,K-mer
IEEE International Reliability Physics Symposium Proceedings,c8,p50,Kcollections: A fast and efficient library for K-mers,k185,Parallel programming
"ACM-BCB 2018 - Proceedings of the 2018 ACM International Conference on Bioinformatics, Computational Biology, and Health Informatics",c80,p298,Cooperating in long-term relationships with time-varying structure,k951,Learning in games
"ACM-BCB 2018 - Proceedings of the 2018 ACM International Conference on Bioinformatics, Computational Biology, and Health Informatics",c80,p298,Cooperating in long-term relationships with time-varying structure,k952,Repeated interactions
"ACM-BCB 2018 - Proceedings of the 2018 ACM International Conference on Bioinformatics, Computational Biology, and Health Informatics",c80,p298,Cooperating in long-term relationships with time-varying structure,k953,Trigger strategies
"Proceedings - 2018 IEEE 19th International Conference on Information Reuse and Integration for Data Science, IRI 2018",c81,p299,Modeling pressurized dense phase coal fluidization and transport,k15,Modeling
"Proceedings - 2018 IEEE 19th International Conference on Information Reuse and Integration for Data Science, IRI 2018",c81,p299,Modeling pressurized dense phase coal fluidization and transport,k954,Dense phase
"Proceedings - 2018 IEEE 19th International Conference on Information Reuse and Integration for Data Science, IRI 2018",c81,p299,Modeling pressurized dense phase coal fluidization and transport,k955,Fluidization
"Proceedings - 2018 IEEE 19th International Conference on Information Reuse and Integration for Data Science, IRI 2018",c81,p299,Modeling pressurized dense phase coal fluidization and transport,k956,Pressurized coal
"Proceedings - 2018 IEEE 19th International Conference on Information Reuse and Integration for Data Science, IRI 2018",c81,p299,Modeling pressurized dense phase coal fluidization and transport,k957,Transport
IOP Conference Series: Materials Science and Engineering,c83,p302,Designing emergent swarm behaviors using behavior trees and grammatical evolution,k958,Behavior trees
IOP Conference Series: Materials Science and Engineering,c83,p302,Designing emergent swarm behaviors using behavior trees and grammatical evolution,k959,Grammatical evolution
IOP Conference Series: Materials Science and Engineering,c83,p302,Designing emergent swarm behaviors using behavior trees and grammatical evolution,k960,Swarms
Proceedings of the 27th USENIX Security Symposium,c97,p317,Factors leading to sustainable social impact on the affected communities of engineering service learning projects,k964,Best Practices
Proceedings of the 27th USENIX Security Symposium,c97,p317,Factors leading to sustainable social impact on the affected communities of engineering service learning projects,k965,Impact Assessment
Proceedings of the 27th USENIX Security Symposium,c97,p317,Factors leading to sustainable social impact on the affected communities of engineering service learning projects,k966,Service Learning
